Date,Open,High,Low,Close,Volume,Interval
2021-04-01,187,187,187,187,187,1
2021-04-02,156,156,156,156,156,2
2021-04-03,166,166,166,166,166,3
2021-04-04,162,162,162,162,162,4
2021-04-05,163,163,163,163,163,5
2021-04-06,144,144,144,144,144,6
2021-04-07,151,151,151,151,151,7
2021-04-08,126,126,126,126,126,8
2021-04-09,137,137,137,137,137,9
2021-04-10,157,157,157,157,157,10
2021-04-11,125,125,125,125,125,11
2021-04-12,162,162,162,162,162,12
2021-04-13,122,122,122,122,122,13
2021-04-14,127,127,127,127,127,14
2021-04-15,146,146,146,146,146,15
2021-04-16,139,139,139,139,139,16
2021-04-17,99,99,99,99,99,17
2021-04-18,115,115,115,115,115,18
2021-04-19,123,123,123,123,123,19
2021-04-20,117,117,117,117,117,20
2021-04-21,93,93,93,93,93,21
2021-04-22,104,104,104,104,104,22
2021-04-23,105,105,105,105,105,23
2021-04-24,134,134,134,134,134,24
2021-04-25,120,120,120,120,120,25
2021-04-26,116,116,116,116,116,26
2021-04-27,116,116,116,116,116,27
2021-04-28,127,127,127,127,127,28
2021-04-29,96,96,96,96,96,29
2021-04-30,126,126,126,126,126,30
2021-05-01,114,114,114,114,114,31
2021-05-02,93,93,93,93,93,32
2021-05-03,93,93,93,93,93,33
2021-05-04,89,89,89,89,89,34
2021-05-05,94,94,94,94,94,35
2021-05-06,136,136,136,136,136,36
2021-05-07,105,105,105,105,105,37
2021-05-08,89,89,89,89,89,38
2021-05-09,99,99,99,99,99,39
2021-05-10,116,116,116,116,116,40
2021-05-11,77,77,77,77,77,41
2021-05-12,82,82,82,82,82,42
2021-05-13,97,97,97,97,97,43
2021-05-14,78,78,78,78,78,44
2021-05-15,94,94,94,94,94,45
2021-05-16,96,96,96,96,96,46
2021-05-17,92,92,92,92,92,47
2021-05-18,137,137,137,137,137,48
2021-05-19,97,97,97,97,97,49
2021-05-20,87,87,87,87,87,50
2021-05-21,112,112,112,112,112,51
2021-05-22,101,101,101,101,101,52
2021-05-23,96,96,96,96,96,53
2021-05-24,96,96,96,96,96,54
2021-05-25,107,107,107,107,107,55
2021-05-26,98,98,98,98,98,56
2021-05-27,94,94,94,94,94,57
2021-05-28,98,98,98,98,98,58
2021-05-29,80,80,80,80,80,59
2021-05-30,102,102,102,102,102,60
2021-05-31,122,122,122,122,122,61
2021-06-01,93,93,93,93,93,62
2021-06-02,119,119,119,119,119,63
2021-06-03,138,138,138,138,138,64
2021-06-04,92,92,92,92,92,65
2021-06-05,111,111,111,111,111,66
2021-06-06,118,118,118,118,118,67
2021-06-07,102,102,102,102,102,68
2021-06-08,87,87,87,87,87,69
2021-06-09,113,113,113,113,113,70
2021-06-10,109,109,109,109,109,71
2021-06-11,142,142,142,142,142,72
2021-06-12,124,124,124,124,124,73
2021-06-13,126,126,126,126,126,74
2021-06-14,144,144,144,144,144,75
2021-06-15,126,126,126,126,126,76
2021-06-16,139,139,139,139,139,77
2021-06-17,129,129,129,129,129,78
2021-06-18,109,109,109,109,109,79
2021-06-19,130,130,130,130,130,80
2021-06-20,103,103,103,103,103,81
2021-06-21,125,125,125,125,125,82
2021-06-22,139,139,139,139,139,83
2021-06-23,145,145,145,145,145,84
2021-06-24,176,176,176,176,176,85
2021-06-25,138,138,138,138,138,86
2021-06-26,175,175,175,175,175,87
2021-06-27,142,142,142,142,142,88
2021-06-28,150,150,150,150,150,89
2021-06-29,143,143,143,143,143,90
2021-06-30,153,153,153,153,153,91
2021-07-01,133,133,133,133,133,92
2021-07-02,112,112,112,112,112,93
2021-07-03,144,144,144,144,144,94
2021-07-04,160,160,160,160,160,95
2021-07-05,200,200,200,200,200,96
2021-07-06,200,200,200,200,200,97
2021-07-07,157,157,157,157,157,98
2021-07-08,219,219,219,219,219,99
2021-07-09,206,206,206,206,206,100
2021-07-10,178,178,178,178,178,101
2021-07-11,209,209,209,209,209,102
2021-07-12,172,172,172,172,172,103
2021-07-13,154,154,154,154,154,104
2021-07-14,190,190,190,190,190,105
2021-07-15,201,201,201,201,201,106
2021-07-16,181,181,181,181,181,107
2021-07-17,210,210,210,210,210,108
2021-07-18,197,197,197,197,197,109
2021-07-19,234,234,234,234,234,110
2021-07-20,230,230,230,230,230,111
2021-07-21,192,192,192,192,192,112
2021-07-22,176,176,176,176,176,113
2021-07-23,195,195,195,195,195,114
2021-07-24,238,238,238,238,238,115
2021-07-25,172,172,172,172,172,116
2021-07-26,178,178,178,178,178,117
2021-07-27,190,190,190,190,190,118
2021-07-28,188,188,188,188,188,119
2021-07-29,243,243,243,243,243,120
2021-07-30,220,220,220,220,220,121
2021-07-31,303,303,303,303,303,122
2021-08-01,229,229,229,229,229,123
2021-08-02,246,246,246,246,246,124
2021-08-03,220,220,220,220,220,125
2021-08-04,256,256,256,256,256,126
2021-08-05,260,260,260,260,260,127
2021-08-06,234,234,234,234,234,128
2021-08-07,248,248,248,248,248,129
2021-08-08,202,202,202,202,202,130
2021-08-09,244,244,244,244,244,131
2021-08-10,279,279,279,279,279,132
2021-08-11,264,264,264,264,264,133
2021-08-12,290,290,290,290,290,134
2021-08-13,277,277,277,277,277,135
2021-08-14,289,289,289,289,289,136
2021-08-15,276,276,276,276,276,137
2021-08-16,273,273,273,273,273,138
2021-08-17,276,276,276,276,276,139
2021-08-18,247,247,247,247,247,140
2021-08-19,233,233,233,233,233,141
2021-08-20,204,204,204,204,204,142
2021-08-21,283,283,283,283,283,143
2021-08-22,215,215,215,215,215,144
2021-08-23,258,258,258,258,258,145
2021-08-24,260,260,260,260,260,146
2021-08-25,214,214,214,214,214,147
2021-08-26,270,270,270,270,270,148
2021-08-27,215,215,215,215,215,149
2021-08-28,270,270,270,270,270,150
2021-08-29,299,299,299,299,299,151
2021-08-30,255,255,255,255,255,152
2021-08-31,282,282,282,282,282,153
2021-09-01,276,276,276,276,276,154
2021-09-02,228,228,228,228,228,155
2021-09-03,237,237,237,237,237,156
2021-09-04,279,279,279,279,279,157
2021-09-05,315,315,315,315,315,158
2021-09-06,220,220,220,220,220,159
2021-09-07,265,265,265,265,265,160
2021-09-08,251,251,251,251,251,161
2021-09-09,252,252,252,252,252,162
2021-09-10,285,285,285,285,285,163
2021-09-11,225,225,225,225,225,164
2021-09-12,224,224,224,224,224,165
2021-09-13,205,205,205,205,205,166
2021-09-14,224,224,224,224,224,167
2021-09-15,221,221,221,221,221,168
2021-09-16,319,319,319,319,319,169
2021-09-17,249,249,249,249,249,170
2021-09-18,271,271,271,271,271,171
2021-09-19,257,257,257,257,257,172
2021-09-20,251,251,251,251,251,173
2021-09-21,280,280,280,280,280,174
2021-09-22,265,265,265,265,265,175
2021-09-23,238,238,238,238,238,176
2021-09-24,264,264,264,264,264,177
2021-09-25,233,233,233,233,233,178
2021-09-26,277,277,277,277,277,179
2021-09-27,258,258,258,258,258,180
2021-09-28,284,284,284,284,284,181
2021-09-29,234,234,234,234,234,182
2021-09-30,226,226,226,226,226,183
2021-10-01,288,288,288,288,288,184
2021-10-02,208,208,208,208,208,185
2021-10-03,206,206,206,206,206,186
2021-10-04,280,280,280,280,280,187
2021-10-05,290,290,290,290,290,188
2021-10-06,281,281,281,281,281,189
2021-10-07,295,295,295,295,295,190
2021-10-08,194,194,194,194,194,191
2021-10-09,270,270,270,270,270,192
2021-10-10,256,256,256,256,256,193
2021-10-11,225,225,225,225,225,194
2021-10-12,278,278,278,278,278,195
2021-10-13,260,260,260,260,260,196
2021-10-14,230,230,230,230,230,197
2021-10-15,243,243,243,243,243,198
2021-10-16,277,277,277,277,277,199
2021-10-17,336,336,336,336,336,200
2021-10-18,324,324,324,324,324,201
2021-10-19,305,305,305,305,305,202
2021-10-20,270,270,270,270,270,203
2021-10-21,276,276,276,276,276,204
2021-10-22,230,230,230,230,230,205
2021-10-23,294,294,294,294,294,206
2021-10-24,256,256,256,256,256,207
2021-10-25,253,253,253,253,253,208
2021-10-26,304,304,304,304,304,209
2021-10-27,307,307,307,307,307,210
2021-10-28,293,293,293,293,293,211
2021-10-29,265,265,265,265,265,212
2021-10-30,231,231,231,231,231,213
2021-10-31,326,326,326,326,326,214
2021-11-01,258,258,258,258,258,215
2021-11-02,250,250,250,250,250,216
2021-11-03,275,275,275,275,275,217
2021-11-04,324,324,324,324,324,218
2021-11-05,273,273,273,273,273,219
2021-11-06,318,318,318,318,318,220
2021-11-07,268,268,268,268,268,221
2021-11-08,316,316,316,316,316,222
2021-11-09,289,289,289,289,289,223
2021-11-10,294,294,294,294,294,224
2021-11-11,240,240,240,240,240,225
2021-11-12,247,247,247,247,247,226
2021-11-13,273,273,273,273,273,227
2021-11-14,273,273,273,273,273,228
2021-11-15,277,277,277,277,277,229
2021-11-16,285,285,285,285,285,230
2021-11-17,256,256,256,256,256,231
2021-11-18,266,266,266,266,266,232
2021-11-19,280,280,280,280,280,233
2021-11-20,294,294,294,294,294,234
2021-11-21,272,272,272,272,272,235
2021-11-22,262,262,262,262,262,236
2021-11-23,230,230,230,230,230,237
2021-11-24,276,276,276,276,276,238
2021-11-25,249,249,249,249,249,239
2021-11-26,251,251,251,251,251,240
2021-11-27,302,302,302,302,302,241
2021-11-28,293,293,293,293,293,242
2021-11-29,286,286,286,286,286,243
2021-11-30,240,240,240,240,240,244
2021-12-01,242,242,242,242,242,245
2021-12-02,247,247,247,247,247,246
2021-12-03,266,266,266,266,266,247
2021-12-04,277,277,277,277,277,248
2021-12-05,237,237,237,237,237,249
2021-12-06,249,249,249,249,249,250
2021-12-07,236,236,236,236,236,251
2021-12-08,245,245,245,245,245,252
2021-12-09,225,225,225,225,225,253
2021-12-10,241,241,241,241,241,254
2021-12-11,242,242,242,242,242,255
2021-12-12,300,300,300,300,300,256
2021-12-13,219,219,219,219,219,257
2021-12-14,217,217,217,217,217,258
2021-12-15,280,280,280,280,280,259
2021-12-16,290,290,290,290,290,260
2021-12-17,243,243,243,243,243,261
2021-12-18,278,278,278,278,278,262
2021-12-19,190,190,190,190,190,263
2021-12-20,241,241,241,241,241,264
2021-12-21,219,219,219,219,219,265
2021-12-22,216,216,216,216,216,266
2021-12-23,209,209,209,209,209,267
2021-12-24,226,226,226,226,226,268
2021-12-25,225,225,225,225,225,269
2021-12-26,232,232,232,232,232,270
2021-12-27,213,213,213,213,213,271
2021-12-28,211,211,211,211,211,272
2021-12-29,207,207,207,207,207,273
2021-12-30,216,216,216,216,216,274
2021-12-31,141,141,141,141,141,275
2022-01-01,188,188,188,188,188,276
2022-01-02,191,191,191,191,191,277
2022-01-03,183,183,183,183,183,278
2022-01-04,185,185,185,185,185,279
2022-01-05,178,178,178,178,178,280
2022-01-06,191,191,191,191,191,281
2022-01-07,182,182,182,182,182,282
2022-01-08,166,166,166,166,166,283
2022-01-09,145,145,145,145,145,284
2022-01-10,63,63,63,63,63,285
2022-01-11,50,50,50,50,50,286
2022-01-12,48,48,48,48,48,287
2022-01-13,58,58,58,58,58,288
2022-01-14,188,188,188,188,188,289
2022-01-15,160,160,160,160,160,290
2022-01-16,151,151,151,151,151,291
2022-01-17,161,161,161,161,161,292
2022-01-18,164,164,164,164,164,293
2022-01-19,119,119,119,119,119,294
2022-01-20,144,144,144,144,144,295
2022-01-21,147,147,147,147,147,296
2022-01-22,114,114,114,114,114,297
2022-01-23,140,140,140,140,140,298
2022-01-24,101,101,101,101,101,299
2022-01-25,117,117,117,117,117,300
2022-01-26,108,108,108,108,108,301
2022-01-27,121,121,121,121,121,302
2022-01-28,137,137,137,137,137,303
2022-01-29,108,108,108,108,108,304
2022-01-30,103,103,103,103,103,305
2022-01-31,117,117,117,117,117,306
2022-02-01,107,107,107,107,107,307
2022-02-02,133,133,133,133,133,308
2022-02-03,92,92,92,92,92,309
2022-02-04,154,154,154,154,154,310
2022-02-05,97,97,97,97,97,311
2022-02-06,106,106,106,106,106,312
2022-02-07,122,122,122,122,122,313
2022-02-08,155,155,155,155,155,314
2022-02-09,120,120,120,120,120,315
2022-02-10,98,98,98,98,98,316
2022-02-11,106,106,106,106,106,317
2022-02-12,139,139,139,139,139,318
2022-02-13,105,105,105,105,105,319
2022-02-14,120,120,120,120,120,320
2022-02-15,139,139,139,139,139,321
2022-02-16,195,195,195,195,195,322
2022-02-17,106,106,106,106,106,323
2022-02-18,94,94,94,94,94,324
2022-02-19,89,89,89,89,89,325
2022-02-20,111,111,111,111,111,326
2022-02-21,102,102,102,102,102,327
2022-02-22,79,79,79,79,79,328
2022-02-23,80,80,80,80,80,329
2022-02-24,106,106,106,106,106,330
2022-02-25,102,102,102,102,102,331
2022-02-26,109,109,109,109,109,332
2022-02-27,87,87,87,87,87,333
2022-02-28,119,119,119,119,119,334
2022-03-01,67,67,67,67,67,335
2022-03-02,97,97,97,97,97,336
2022-03-03,92,92,92,92,92,337
2022-03-04,89,89,89,89,89,338
2022-03-05,120,120,120,120,120,339
2022-03-06,91,91,91,91,91,340
2022-03-07,92,92,92,92,92,341
2022-03-08,108,108,108,108,108,342
2022-03-09,92,92,92,92,92,343
2022-03-10,102,102,102,102,102,344
2022-03-11,92,92,92,92,92,345
2022-03-12,108,108,108,108,108,346
2022-03-13,63,63,63,63,63,347
2022-03-14,69,69,69,69,69,348
2022-03-15,89,89,89,89,89,349
2022-03-16,99,99,99,99,99,350
2022-03-17,99,99,99,99,99,351
2022-03-18,120,120,120,120,120,352
2022-03-19,76,76,76,76,76,353
2022-03-20,140,140,140,140,140,354
2022-03-21,121,121,121,121,121,355
2022-03-22,119,119,119,119,119,356
2022-03-23,99,99,99,99,99,357
2022-03-24,136,136,136,136,136,358
2022-03-25,106,106,106,106,106,359
2022-03-26,91,91,91,91,91,360
2022-03-27,110,110,110,110,110,361
2022-03-28,111,111,111,111,111,362
2022-03-29,101,101,101,101,101,363
2022-03-30,124,124,124,124,124,364
2022-03-31,115,115,115,115,115,365
2022-04-01,126,126,126,126,126,366
2022-04-02,107,107,107,107,107,367
2022-04-03,116,116,116,116,116,368
2022-04-04,119,119,119,119,119,369
2022-04-05,127,127,127,127,127,370
2022-04-06,117,117,117,117,117,371
2022-04-07,114,114,114,114,114,372
2022-04-08,120,120,120,120,120,373
2022-04-09,146,146,146,146,146,374
2022-04-10,155,155,155,155,155,375
2022-04-11,155,155,155,155,155,376
2022-04-12,156,156,156,156,156,377
2022-04-13,150,150,150,150,150,378
2022-04-14,166,166,166,166,166,379
2022-04-15,140,140,140,140,140,380
2022-04-16,131,131,131,131,131,381
2022-04-17,172,172,172,172,172,382
2022-04-18,143,143,143,143,143,383
2022-04-19,133,133,133,133,133,384
2022-04-20,116,116,116,116,116,385
2022-04-21,149,149,149,149,149,386
2022-04-22,145,145,145,145,145,387
2022-04-23,144,144,144,144,144,388
2022-04-24,134,134,134,134,134,389
2022-04-25,170,170,170,170,170,390
2022-04-26,171,171,171,171,171,391
2022-04-27,180,180,180,180,180,392
2022-04-28,157,157,157,157,157,393
2022-04-29,172,172,172,172,172,394
2022-04-30,152,152,152,152,152,395
2022-05-01,160,160,160,160,160,396
2022-05-02,208,208,208,208,208,397
2022-05-03,181,181,181,181,181,398
2022-05-04,209,209,209,209,209,399
2022-05-05,213,213,213,213,213,400
2022-05-06,198,198,198,198,198,401
2022-05-07,242,242,242,242,242,402
2022-05-08,200,200,200,200,200,403
2022-05-09,204,204,204,204,204,404
2022-05-10,215,215,215,215,215,405
2022-05-11,203,203,203,203,203,406
2022-05-12,229,229,229,229,229,407
2022-05-13,190,190,190,190,190,408
2022-05-14,231,231,231,231,231,409
2022-05-15,232,232,232,232,232,410
2022-05-16,225,225,225,225,225,411
2022-05-17,233,233,233,233,233,412
2022-05-18,253,253,253,253,253,413
2022-05-19,257,257,257,257,257,414
2022-05-20,205,205,205,205,205,415
2022-05-21,262,262,262,262,262,416
2022-05-22,208,208,208,208,208,417
2022-05-23,205,205,205,205,205,418
2022-05-24,192,192,192,192,192,419
2022-05-25,203,203,203,203,203,420
2022-05-26,172,172,172,172,172,421
2022-05-27,236,236,236,236,236,422
2022-05-28,222,222,222,222,222,423
2022-05-29,227,227,227,227,227,424
2022-05-30,184,184,184,184,184,425
2022-05-31,240,240,240,240,240,426
2022-06-01,244,244,244,244,244,427
2022-06-02,240,240,240,240,240,428
2022-06-03,212,212,212,212,212,429
2022-06-04,238,238,238,238,238,430
2022-06-05,235,235,235,235,235,431
2022-06-06,233,233,233,233,233,432
2022-06-07,205,205,205,205,205,433
2022-06-08,210,210,210,210,210,434
2022-06-09,224,224,224,224,224,435
2022-06-10,214,214,214,214,214,436
2022-06-11,234,234,234,234,234,437
2022-06-12,216,216,216,216,216,438
2022-06-13,282,282,282,282,282,439
2022-06-14,303,303,303,303,303,440
2022-06-15,255,255,255,255,255,441
2022-06-16,222,222,222,222,222,442
2022-06-17,263,263,263,263,263,443
2022-06-18,237,237,237,237,237,444
2022-06-19,316,316,316,316,316,445
2022-06-20,268,268,268,268,268,446
2022-06-21,246,246,246,246,246,447
2022-06-22,209,209,209,209,209,448
2022-06-23,231,231,231,231,231,449
2022-06-24,269,269,269,269,269,450
2022-06-25,232,232,232,232,232,451
2022-06-26,238,238,238,238,238,452
2022-06-27,283,283,283,283,283,453
2022-06-28,244,244,244,244,244,454
2022-06-29,251,251,251,251,251,455
2022-06-30,257,257,257,257,257,456
2022-07-01,249,249,249,249,249,457
2022-07-02,224,224,224,224,224,458
2022-07-03,293,293,293,293,293,459
2022-07-04,235,235,235,235,235,460
2022-07-05,221,221,221,221,221,461
2022-07-06,236,236,236,236,236,462
2022-07-07,277,277,277,277,277,463
2022-07-08,234,234,234,234,234,464
2022-07-09,221,221,221,221,221,465
2022-07-10,237,237,237,237,237,466
2022-07-11,238,238,238,238,238,467
2022-07-12,213,213,213,213,213,468
2022-07-13,238,238,238,238,238,469
2022-07-14,241,241,241,241,241,470
2022-07-15,212,212,212,212,212,471
2022-07-16,196,196,196,196,196,472
2022-07-17,222,222,222,222,222,473
2022-07-18,293,293,293,293,293,474
2022-07-19,222,222,222,222,222,475
2022-07-20,196,196,196,196,196,476
2022-07-21,254,254,254,254,254,477
2022-07-22,204,204,204,204,204,478
2022-07-23,194,194,194,194,194,479
2022-07-24,222,222,222,222,222,480
2022-07-25,202,202,202,202,202,481
2022-07-26,203,203,203,203,203,482
2022-07-27,222,222,222,222,222,483
2022-07-28,194,194,194,194,194,484
2022-07-29,210,210,210,210,210,485
2022-07-30,251,251,251,251,251,486
2022-07-31,242,242,242,242,242,487
2022-08-01,175,175,175,175,175,488
2022-08-02,246,246,246,246,246,489
2022-08-03,219,219,219,219,219,490
2022-08-04,192,192,192,192,192,491
2022-08-05,202,202,202,202,202,492
2022-08-06,211,211,211,211,211,493
2022-08-07,182,182,182,182,182,494
2022-08-08,216,216,216,216,216,495
2022-08-09,221,221,221,221,221,496
2022-08-10,205,205,205,205,205,497
2022-08-11,283,283,283,283,283,498
2022-08-12,203,203,203,203,203,499
2022-08-13,219,219,219,219,219,500
2022-08-14,228,228,228,228,228,501
2022-08-15,216,216,216,216,216,502
2022-08-16,254,254,254,254,254,503
2022-08-17,256,256,256,256,256,504
2022-08-18,267,267,267,267,267,505
2022-08-19,231,231,231,231,231,506
2022-08-20,172,172,172,172,172,507
2022-08-21,246,246,246,246,246,508
2022-08-22,216,216,216,216,216,509
2022-08-23,246,246,246,246,246,510
2022-08-24,188,188,188,188,188,511
2022-08-25,214,214,214,214,214,512
2022-08-26,239,239,239,239,239,513
2022-08-27,242,242,242,242,242,514
2022-08-28,258,258,258,258,258,515
2022-08-29,245,245,245,245,245,516
2022-08-30,240,240,240,240,240,517
2022-08-31,259,259,259,259,259,518
2022-09-01,216,216,216,216,216,519
2022-09-02,260,260,260,260,260,520
2022-09-03,279,279,279,279,279,521
2022-09-04,276,276,276,276,276,522
2022-09-05,158,158,158,158,158,523
2022-09-06,196,196,196,196,196,524
2022-09-07,216,216,216,216,216,525
2022-09-08,242,242,242,242,242,526
2022-09-09,244,244,244,244,244,527
2022-09-10,265,265,265,265,265,528
2022-09-11,210,210,210,210,210,529
2022-09-12,290,290,290,290,290,530
2022-09-13,243,243,243,243,243,531
2022-09-14,248,248,248,248,248,532
2022-09-15,262,262,262,262,262,533
2022-09-16,270,270,270,270,270,534
2022-09-17,223,223,223,223,223,535
2022-09-18,200,200,200,200,200,536
2022-09-19,233,233,233,233,233,537
2022-09-20,225,225,225,225,225,538
2022-09-21,221,221,221,221,221,539
2022-09-22,215,215,215,215,215,540
2022-09-23,200,200,200,200,200,541
2022-09-24,289,289,289,289,289,542
2022-09-25,245,245,245,245,245,543
2022-09-26,218,218,218,218,218,544
2022-09-27,228,228,228,228,228,545
2022-09-28,228,228,228,228,228,546
2022-09-29,204,204,204,204,204,547
2022-09-30,159,159,159,159,159,548
2022-10-01,207,207,207,207,207,549
2022-10-02,191,191,191,191,191,550
2022-10-03,198,198,198,198,198,551
2022-10-04,181,181,181,181,181,552
2022-10-05,192,192,192,192,192,553
2022-10-06,249,249,249,249,249,554
2022-10-07,184,184,184,184,184,555
2022-10-08,244,244,244,244,244,556
2022-10-09,190,190,190,190,190,557
2022-10-10,230,230,230,230,230,558
2022-10-11,188,188,188,188,188,559
2022-10-12,190,190,190,190,190,560
2022-10-13,161,161,161,161,161,561
2022-10-14,149,149,149,149,149,562
2022-10-15,60,60,60,60,60,563
2022-10-16,102,102,102,102,102,564
2022-10-17,92,92,92,92,92,565
2022-10-18,83,83,83,83,83,566
2022-10-19,103,103,103,103,103,567
2022-10-20,68,68,68,68,68,568
2022-10-21,79,79,79,79,79,569
2022-10-22,71,71,71,71,71,570
2022-10-23,77,77,77,77,77,571
2022-10-24,51,51,51,51,51,572
2022-10-25,47,47,47,47,47,573
2022-10-26,30,30,30,30,30,574
2022-10-27,199,199,199,199,199,575
2022-10-28,184,184,184,184,184,576
2022-10-29,130,130,130,130,130,577
2022-10-30,160,160,160,160,160,578
2022-10-31,150,150,150,150,150,579
2022-11-01,148,148,148,148,148,580
2022-11-02,146,146,146,146,146,581
2022-11-03,131,131,131,131,131,582
2022-11-04,129,129,129,129,129,583
2022-11-05,90,90,90,90,90,584
2022-11-06,120,120,120,120,120,585
2022-11-07,112,112,112,112,112,586
2022-11-08,135,135,135,135,135,587
2022-11-09,135,135,135,135,135,588
2022-11-10,99,99,99,99,99,589
2022-11-11,108,108,108,108,108,590
2022-11-12,104,104,104,104,104,591
2022-11-13,135,135,135,135,135,592
2022-11-14,112,112,112,112,112,593
2022-11-15,99,99,99,99,99,594
2022-11-16,102,102,102,102,102,595
2022-11-17,102,102,102,102,102,596
2022-11-18,132,132,132,132,132,597
2022-11-19,109,109,109,109,109,598
2022-11-20,159,159,159,159,159,599
2022-11-21,151,151,151,151,151,600
2022-11-22,116,116,116,116,116,601
2022-11-23,94,94,94,94,94,602
2022-11-24,139,139,139,139,139,603
2022-11-25,100,100,100,100,100,604
2022-11-26,112,112,112,112,112,605
2022-11-27,123,123,123,123,123,606
2022-11-28,95,95,95,95,95,607
2022-11-29,112,112,112,112,112,608
2022-11-30,109,109,109,109,109,609
2022-12-01,118,118,118,118,118,610
2022-12-02,124,124,124,124,124,611
2022-12-03,99,99,99,99,99,612
2022-12-04,131,131,131,131,131,613
2022-12-05,84,84,84,84,84,614
2022-12-06,112,112,112,112,112,615
2022-12-07,107,107,107,107,107,616
2022-12-08,93,93,93,93,93,617
2022-12-09,94,94,94,94,94,618
2022-12-10,84,84,84,84,84,619
2022-12-11,82,82,82,82,82,620
2022-12-12,113,113,113,113,113,621
2022-12-13,80,80,80,80,80,622
2022-12-14,119,119,119,119,119,623
2022-12-15,102,102,102,102,102,624
2022-12-16,106,106,106,106,106,625
2022-12-17,94,94,94,94,94,626
2022-12-18,91,91,91,91,91,627
2022-12-19,112,112,112,112,112,628
2022-12-20,85,85,85,85,85,629
2022-12-21,94,94,94,94,94,630
2022-12-22,89,89,89,89,89,631
2022-12-23,87,87,87,87,87,632
2022-12-24,122,122,122,122,122,633
2022-12-25,97,97,97,97,97,634
2022-12-26,118,118,118,118,118,635
2022-12-27,100,100,100,100,100,636
2022-12-28,100,100,100,100,100,637
2022-12-29,98,98,98,98,98,638
2022-12-30,109,109,109,109,109,639
2022-12-31,112,112,112,112,112,640
2023-01-01,89,89,89,89,89,641
2023-01-02,113,113,113,113,113,642
2023-01-03,84,84,84,84,84,643
2023-01-04,79,79,79,79,79,644
2023-01-05,112,112,112,112,112,645
2023-01-06,101,101,101,101,101,646
2023-01-07,115,115,115,115,115,647
2023-01-08,109,109,109,109,109,648
2023-01-09,119,119,119,119,119,649
2023-01-10,98,98,98,98,98,650
2023-01-11,128,128,128,128,128,651
2023-01-12,136,136,136,136,136,652
2023-01-13,106,106,106,106,106,653
2023-01-14,130,130,130,130,130,654
2023-01-15,92,92,92,92,92,655
2023-01-16,74,74,74,74,74,656
2023-01-17,132,132,132,132,132,657
2023-01-18,109,109,109,109,109,658
2023-01-19,134,134,134,134,134,659
2023-01-20,140,140,140,140,140,660
2023-01-21,144,144,144,144,144,661
2023-01-22,123,123,123,123,123,662
2023-01-23,92,92,92,92,92,663
2023-01-24,119,119,119,119,119,664
2023-01-25,139,139,139,139,139,665
2023-01-26,120,120,120,120,120,666
2023-01-27,117,117,117,117,117,667
2023-01-28,94,94,94,94,94,668
2023-01-29,122,122,122,122,122,669
2023-01-30,116,116,116,116,116,670
2023-01-31,154,154,154,154,154,671
2023-02-01,171,171,171,171,171,672
2023-02-02,155,155,155,155,155,673
2023-02-03,174,174,174,174,174,674
2023-02-04,151,151,151,151,151,675
2023-02-05,191,191,191,191,191,676
2023-02-06,168,168,168,168,168,677
2023-02-07,127,127,127,127,127,678
2023-02-08,158,158,158,158,158,679
2023-02-09,115,115,115,115,115,680
2023-02-10,193,193,193,193,193,681
2023-02-11,180,180,180,180,180,682
2023-02-12,213,213,213,213,213,683
2023-02-13,199,199,199,199,199,684
2023-02-14,171,171,171,171,171,685
2023-02-15,192,192,192,192,192,686
2023-02-16,180,180,180,180,180,687
2023-02-17,192,192,192,192,192,688
2023-02-18,173,173,173,173,173,689
2023-02-19,152,152,152,152,152,690
2023-02-20,218,218,218,218,218,691
2023-02-21,134,134,134,134,134,692
2023-02-22,192,192,192,192,192,693
2023-02-23,227,227,227,227,227,694
2023-02-24,217,217,217,217,217,695
2023-02-25,265,265,265,265,265,696
2023-02-26,248,248,248,248,248,697
2023-02-27,208,208,208,208,208,698
2023-02-28,220,220,220,220,220,699
2023-03-01,265,265,265,265,265,700
2023-03-02,245,245,245,245,245,701
2023-03-03,263,263,263,263,263,702
2023-03-04,255,255,255,255,255,703
2023-03-05,226,226,226,226,226,704
2023-03-06,271,271,271,271,271,705
2023-03-07,219,219,219,219,219,706
2023-03-08,203,203,203,203,203,707
2023-03-09,209,209,209,209,209,708
2023-03-10,254,254,254,254,254,709
2023-03-11,256,256,256,256,256,710
2023-03-12,232,232,232,232,232,711
2023-03-13,240,240,240,240,240,712
2023-03-14,291,291,291,291,291,713
2023-03-15,226,226,226,226,226,714
2023-03-16,247,247,247,247,247,715
2023-03-17,225,225,225,225,225,716
2023-03-18,227,227,227,227,227,717
2023-03-19,261,261,261,261,261,718
2023-03-20,244,244,244,244,244,719
2023-03-21,296,296,296,296,296,720
2023-03-22,293,293,293,293,293,721
2023-03-23,210,210,210,210,210,722
2023-03-24,169,169,169,169,169,723
2023-03-25,214,214,214,214,214,724
2023-03-26,191,191,191,191,191,725
2023-03-27,221,221,221,221,221,726
2023-03-28,215,215,215,215,215,727
2023-03-29,247,247,247,247,247,728
2023-03-30,220,220,220,220,220,729
2023-03-31,236,236,236,236,236,730
2023-04-01,235,235,235,235,235,731
2023-04-02,244,244,244,244,244,732
2023-04-03,229,229,229,229,229,733
2023-04-04,234,234,234,234,234,734
2023-04-05,223,223,223,223,223,735
2023-04-06,294,294,294,294,294,736
2023-04-07,245,245,245,245,245,737
2023-04-08,200,200,200,200,200,738
2023-04-09,206,206,206,206,206,739
2023-04-10,218,218,218,218,218,740
2023-04-11,228,228,228,228,228,741
2023-04-12,225,225,225,225,225,742
2023-04-13,238,238,238,238,238,743
2023-04-14,213,213,213,213,213,744
2023-04-15,204,204,204,204,204,745
2023-04-16,213,213,213,213,213,746
2023-04-17,219,219,219,219,219,747
2023-04-18,258,258,258,258,258,748
2023-04-19,248,248,248,248,248,749
2023-04-20,223,223,223,223,223,750
2023-04-21,181,181,181,181,181,751
2023-04-22,216,216,216,216,216,752
2023-04-23,192,192,192,192,192,753
2023-04-24,164,164,164,164,164,754
2023-04-25,187,187,187,187,187,755
2023-04-26,234,234,234,234,234,756
2023-04-27,237,237,237,237,237,757
2023-04-28,175,175,175,175,175,758
2023-04-29,219,219,219,219,219,759
2023-04-30,244,244,244,244,244,760
2023-05-01,232,232,232,232,232,761
2023-05-02,212,212,212,212,212,762
2023-05-03,247,247,247,247,247,763
2023-05-04,184,184,184,184,184,764
2023-05-05,185,185,185,185,185,765
2023-05-06,207,207,207,207,207,766
2023-05-07,220,220,220,220,220,767
2023-05-08,250,250,250,250,250,768
2023-05-09,226,226,226,226,226,769
2023-05-10,242,242,242,242,242,770
2023-05-11,236,236,236,236,236,771
2023-05-12,269,269,269,269,269,772
2023-05-13,216,216,216,216,216,773
2023-05-14,223,223,223,223,223,774
2023-05-15,261,261,261,261,261,775
2023-05-16,260,260,260,260,260,776
2023-05-17,167,167,167,167,167,777
2023-05-18,240,240,240,240,240,778
2023-05-19,199,199,199,199,199,779
2023-05-20,266,266,266,266,266,780
2023-05-21,187,187,187,187,187,781
2023-05-22,200,200,200,200,200,782
2023-05-23,177,177,177,177,177,783
2023-05-24,202,202,202,202,202,784
2023-05-25,254,254,254,254,254,785
2023-05-26,273,273,273,273,273,786
2023-05-27,239,239,239,239,239,787
2023-05-28,259,259,259,259,259,788
2023-05-29,225,225,225,225,225,789
2023-05-30,255,255,255,255,255,790
2023-05-31,244,244,244,244,244,791
2023-06-01,266,266,266,266,266,792
2023-06-02,225,225,225,225,225,793
2023-06-03,297,297,297,297,297,794
2023-06-04,216,216,216,216,216,795
2023-06-05,225,225,225,225,225,796
2023-06-06,213,213,213,213,213,797
2023-06-07,316,316,316,316,316,798
2023-06-08,236,236,236,236,236,799
2023-06-09,268,268,268,268,268,800
2023-06-10,236,236,236,236,236,801
2023-06-11,252,252,252,252,252,802
2023-06-12,244,244,244,244,244,803
2023-06-13,274,274,274,274,274,804
2023-06-14,253,253,253,253,253,805
2023-06-15,218,218,218,218,218,806
2023-06-16,271,271,271,271,271,807
2023-06-17,248,248,248,248,248,808
2023-06-18,300,300,300,300,300,809
2023-06-19,257,257,257,257,257,810
2023-06-20,250,250,250,250,250,811
2023-06-21,267,267,267,267,267,812
2023-06-22,232,232,232,232,232,813
2023-06-23,253,253,253,253,253,814
2023-06-24,216,216,216,216,216,815
2023-06-25,199,199,199,199,199,816
2023-06-26,207,207,207,207,207,817
2023-06-27,213,213,213,213,213,818
2023-06-28,251,251,251,251,251,819
2023-06-29,271,271,271,271,271,820
2023-06-30,319,319,319,319,319,821
2023-07-01,314,314,314,314,314,822
2023-07-02,256,256,256,256,256,823
2023-07-03,212,212,212,212,212,824
2023-07-04,213,213,213,213,213,825
2023-07-05,250,250,250,250,250,826
2023-07-06,216,216,216,216,216,827
2023-07-07,213,213,213,213,213,828
2023-07-08,210,210,210,210,210,829
2023-07-09,222,222,222,222,222,830
2023-07-10,192,192,192,192,192,831
2023-07-11,246,246,246,246,246,832
2023-07-12,197,197,197,197,197,833
2023-07-13,206,206,206,206,206,834
2023-07-14,221,221,221,221,221,835
2023-07-15,220,220,220,220,220,836
2023-07-16,222,222,222,222,222,837
2023-07-17,286,286,286,286,286,838
2023-07-18,232,232,232,232,232,839
2023-07-19,220,220,220,220,220,840
2023-07-20,202,202,202,202,202,841
2023-07-21,225,225,225,225,225,842
2023-07-22,199,199,199,199,199,843
2023-07-23,180,180,180,180,180,844
2023-07-24,180,180,180,180,180,845
2023-07-25,189,189,189,189,189,846
2023-07-26,155,155,155,155,155,847
2023-07-27,196,196,196,196,196,848
2023-07-28,167,167,167,167,167,849
2023-07-29,191,191,191,191,191,850
2023-07-30,195,195,195,195,195,851
2023-07-31,191,191,191,191,191,852
2023-08-01,159,159,159,159,159,853
2023-08-02,205,205,205,205,205,854
2023-08-03,212,212,212,212,212,855
2023-08-04,195,195,195,195,195,856
2023-08-05,144,144,144,144,144,857
2023-08-06,103,103,103,103,103,858
2023-08-07,91,91,91,91,91,859
2023-08-08,92,92,92,92,92,860
2023-08-09,99,99,99,99,99,861
2023-08-10,84,84,84,84,84,862
2023-08-11,161,161,161,161,161,863
2023-08-12,141,141,141,141,141,864
2023-08-13,145,145,145,145,145,865
2023-08-14,175,175,175,175,175,866
2023-08-15,162,162,162,162,162,867
2023-08-16,183,183,183,183,183,868
2023-08-17,167,167,167,167,167,869
2023-08-18,153,153,153,153,153,870
2023-08-19,136,136,136,136,136,871
2023-08-20,165,165,165,165,165,872
2023-08-21,131,131,131,131,131,873
2023-08-22,130,130,130,130,130,874
2023-08-23,104,104,104,104,104,875
2023-08-24,130,130,130,130,130,876
2023-08-25,127,127,127,127,127,877
2023-08-26,145,145,145,145,145,878
2023-08-27,135,135,135,135,135,879
2023-08-28,114,114,114,114,114,880
2023-08-29,127,127,127,127,127,881
2023-08-30,90,90,90,90,90,882
2023-08-31,97,97,97,97,97,883
2023-09-01,134,134,134,134,134,884
2023-09-02,105,105,105,105,105,885
2023-09-03,122,122,122,122,122,886
2023-09-04,113,113,113,113,113,887
2023-09-05,103,103,103,103,103,888
2023-09-06,123,123,123,123,123,889
2023-09-07,134,134,134,134,134,890
2023-09-08,121,121,121,121,121,891
2023-09-09,126,126,126,126,126,892
2023-09-10,122,122,122,122,122,893
2023-09-11,86,86,86,86,86,894
2023-09-12,112,112,112,112,112,895
2023-09-13,135,135,135,135,135,896
2023-09-14,103,103,103,103,103,897
2023-09-15,82,82,82,82,82,898
2023-09-16,91,91,91,91,91,899
2023-09-17,96,96,96,96,96,900
2023-09-18,93,93,93,93,93,901
2023-09-19,100,100,100,100,100,902
2023-09-20,106,106,106,106,106,903
2023-09-21,93,93,93,93,93,904
2023-09-22,88,88,88,88,88,905
2023-09-23,82,82,82,82,82,906
2023-09-24,98,98,98,98,98,907
2023-09-25,128,128,128,128,128,908
2023-09-26,90,90,90,90,90,909
2023-09-27,75,75,75,75,75,910
2023-09-28,106,106,106,106,106,911
2023-09-29,83,83,83,83,83,912
2023-09-30,74,74,74,74,74,913
2023-10-01,106,106,106,106,106,914
2023-10-02,103,103,103,103,103,915
2023-10-03,77,77,77,77,77,916
2023-10-04,94,94,94,94,94,917
2023-10-05,67,67,67,67,67,918
2023-10-06,85,85,85,85,85,919
2023-10-07,90,90,90,90,90,920
2023-10-08,72,72,72,72,72,921
2023-10-09,78,78,78,78,78,922
2023-10-10,73,73,73,73,73,923
2023-10-11,90,90,90,90,90,924
2023-10-12,86,86,86,86,86,925
2023-10-13,106,106,106,106,106,926
2023-10-14,121,121,121,121,121,927
2023-10-15,96,96,96,96,96,928
2023-10-16,81,81,81,81,81,929
2023-10-17,78,78,78,78,78,930
2023-10-18,71,71,71,71,71,931
2023-10-19,93,93,93,93,93,932
2023-10-20,65,65,65,65,65,933
2023-10-21,102,102,102,102,102,934
2023-10-22,79,79,79,79,79,935
2023-10-23,101,101,101,101,101,936
2023-10-24,106,106,106,106,106,937
2023-10-25,120,120,120,120,120,938
2023-10-26,112,112,112,112,112,939
2023-10-27,87,87,87,87,87,940
2023-10-28,77,77,77,77,77,941
2023-10-29,81,81,81,81,81,942
2023-10-30,90,90,90,90,90,943
2023-10-31,105,105,105,105,105,944
2023-11-01,92,92,92,92,92,945
2023-11-02,94,94,94,94,94,946
2023-11-03,72,72,72,72,72,947
2023-11-04,112,112,112,112,112,948
2023-11-05,92,92,92,92,92,949
2023-11-06,141,141,141,141,141,950
2023-11-07,108,108,108,108,108,951
2023-11-08,94,94,94,94,94,952
2023-11-09,101,101,101,101,101,953
2023-11-10,80,80,80,80,80,954
2023-11-11,121,121,121,121,121,955
2023-11-12,104,104,104,104,104,956
2023-11-13,121,121,121,121,121,957
2023-11-14,97,97,97,97,97,958
2023-11-15,111,111,111,111,111,959
2023-11-16,139,139,139,139,139,960
2023-11-17,105,105,105,105,105,961
2023-11-18,184,184,184,184,184,962
2023-11-19,119,119,119,119,119,963
2023-11-20,140,140,140,140,140,964
2023-11-21,154,154,154,154,154,965
2023-11-22,141,141,141,141,141,966
2023-11-23,130,130,130,130,130,967
2023-11-24,141,141,141,141,141,968
2023-11-25,149,149,149,149,149,969
2023-11-26,143,143,143,143,143,970
2023-11-27,125,125,125,125,125,971
2023-11-28,169,169,169,169,169,972
2023-11-29,141,141,141,141,141,973
2023-11-30,195,195,195,195,195,974
2023-12-01,178,178,178,178,178,975
2023-12-02,144,144,144,144,144,976
2023-12-03,221,221,221,221,221,977
2023-12-04,141,141,141,141,141,978
2023-12-05,152,152,152,152,152,979
2023-12-06,164,164,164,164,164,980
2023-12-07,181,181,181,181,181,981
2023-12-08,146,146,146,146,146,982
2023-12-09,174,174,174,174,174,983
2023-12-10,178,178,178,178,178,984
2023-12-11,164,164,164,164,164,985
2023-12-12,184,184,184,184,184,986
2023-12-13,201,201,201,201,201,987
2023-12-14,224,224,224,224,224,988
2023-12-15,204,204,204,204,204,989
2023-12-16,225,225,225,225,225,990
2023-12-17,191,191,191,191,191,991
2023-12-18,200,200,200,200,200,992
2023-12-19,224,224,224,224,224,993
2023-12-20,244,244,244,244,244,994
2023-12-21,224,224,224,224,224,995
2023-12-22,270,270,270,270,270,996
2023-12-23,221,221,221,221,221,997
2023-12-24,237,237,237,237,237,998
2023-12-25,217,217,217,217,217,999
2023-12-26,248,248,248,248,248,1000
2023-12-27,242,242,242,242,242,1001
2023-12-28,293,293,293,293,293,1002
2023-12-29,196,196,196,196,196,1003
2023-12-30,234,234,234,234,234,1004
2023-12-31,315,315,315,315,315,1005
2024-01-01,259,259,259,259,259,1006
2024-01-02,281,281,281,281,281,1007
2024-01-03,262,262,262,262,262,1008
2024-01-04,245,245,245,245,245,1009
2024-01-05,257,257,257,257,257,1010
2024-01-06,257,257,257,257,257,1011
2024-01-07,270,270,270,270,270,1012
2024-01-08,288,288,288,288,288,1013
2024-01-09,247,247,247,247,247,1014
2024-01-10,225,225,225,225,225,1015
2024-01-11,233,233,233,233,233,1016
2024-01-12,267,267,267,267,267,1017
2024-01-13,222,222,222,222,222,1018
2024-01-14,251,251,251,251,251,1019
2024-01-15,242,242,242,242,242,1020
2024-01-16,217,217,217,217,217,1021
2024-01-17,242,242,242,242,242,1022
2024-01-18,215,215,215,215,215,1023
2024-01-19,214,214,214,214,214,1024
2024-01-20,189,189,189,189,189,1025
2024-01-21,191,191,191,191,191,1026
2024-01-22,201,201,201,201,201,1027
2024-01-23,188,188,188,188,188,1028
2024-01-24,213,213,213,213,213,1029
2024-01-25,216,216,216,216,216,1030
2024-01-26,234,234,234,234,234,1031
2024-01-27,254,254,254,254,254,1032
2024-01-28,238,238,238,238,238,1033
2024-01-29,221,221,221,221,221,1034
2024-01-30,199,199,199,199,199,1035
2024-01-31,240,240,240,240,240,1036
2024-02-01,212,212,212,212,212,1037
2024-02-02,260,260,260,260,260,1038
2024-02-03,259,259,259,259,259,1039
2024-02-04,247,247,247,247,247,1040
2024-02-05,197,197,197,197,197,1041
2024-02-06,190,190,190,190,190,1042
2024-02-07,223,223,223,223,223,1043
2024-02-08,241,241,241,241,241,1044
2024-02-09,223,223,223,223,223,1045
2024-02-10,231,231,231,231,231,1046
2024-02-11,204,204,204,204,204,1047
2024-02-12,210,210,210,210,210,1048
2024-02-13,194,194,194,194,194,1049
2024-02-14,195,195,195,195,195,1050
2024-02-15,176,176,176,176,176,1051
2024-02-16,231,231,231,231,231,1052
2024-02-17,189,189,189,189,189,1053
2024-02-18,213,213,213,213,213,1054
2024-02-19,211,211,211,211,211,1055
2024-02-20,243,243,243,243,243,1056
2024-02-21,249,249,249,249,249,1057
2024-02-22,212,212,212,212,212,1058
2024-02-23,221,221,221,221,221,1059
2024-02-24,213,213,213,213,213,1060
2024-02-25,218,218,218,218,218,1061
2024-02-26,228,228,228,228,228,1062
2024-02-27,201,201,201,201,201,1063
2024-02-28,238,238,238,238,238,1064
2024-02-29,196,196,196,196,196,1065
2024-03-01,165,165,165,165,165,1066
2024-03-02,237,237,237,237,237,1067
2024-03-03,261,261,261,261,261,1068
2024-03-04,206,206,206,206,206,1069
2024-03-05,236,236,236,236,236,1070
2024-03-06,224,224,224,224,224,1071
2024-03-07,209,209,209,209,209,1072
2024-03-08,237,237,237,237,237,1073
2024-03-09,287,287,287,287,287,1074
2024-03-10,271,271,271,271,271,1075
2024-03-11,266,266,266,266,266,1076
2024-03-12,213,213,213,213,213,1077
2024-03-13,202,202,202,202,202,1078
2024-03-14,252,252,252,252,252,1079
2024-03-15,258,258,258,258,258,1080
2024-03-16,247,247,247,247,247,1081
2024-03-17,278,278,278,278,278,1082
2024-03-18,246,246,246,246,246,1083
2024-03-19,213,213,213,213,213,1084
2024-03-20,162,162,162,162,162,1085
2024-03-21,199,199,199,199,199,1086
2024-03-22,254,254,254,254,254,1087
2024-03-23,243,243,243,243,243,1088
2024-03-24,206,206,206,206,206,1089
2024-03-25,183,183,183,183,183,1090
2024-03-26,247,247,247,247,247,1091
2024-03-27,240,240,240,240,240,1092
2024-03-28,238,238,238,238,238,1093
2024-03-29,245,245,245,245,245,1094
2024-03-30,204,204,204,204,204,1095
2024-03-31,173,173,173,173,173,1096
2024-04-01,182,182,182,182,182,1097
2024-04-02,235,235,235,235,235,1098
2024-04-03,247,247,247,247,247,1099
2024-04-04,246,246,246,246,246,1100
2024-04-05,213,213,213,213,213,1101
2024-04-06,197,197,197,197,197,1102
2024-04-07,262,262,262,262,262,1103
2024-04-08,262,262,262,262,262,1104
2024-04-09,253,253,253,253,253,1105
2024-04-10,250,250,250,250,250,1106
2024-04-11,259,259,259,259,259,1107
2024-04-12,210,210,210,210,210,1108
2024-04-13,237,237,237,237,237,1109
2024-04-14,247,247,247,247,247,1110
2024-04-15,245,245,245,245,245,1111
2024-04-16,243,243,243,243,243,1112
2024-04-17,245,245,245,245,245,1113
2024-04-18,211,211,211,211,211,1114
2024-04-19,229,229,229,229,229,1115
2024-04-20,246,246,246,246,246,1116
2024-04-21,261,261,261,261,261,1117
2024-04-22,257,257,257,257,257,1118
2024-04-23,288,288,288,288,288,1119
2024-04-24,200,200,200,200,200,1120
2024-04-25,224,224,224,224,224,1121
2024-04-26,222,222,222,222,222,1122
2024-04-27,250,250,250,250,250,1123
2024-04-28,235,235,235,235,235,1124
2024-04-29,213,213,213,213,213,1125
2024-04-30,214,214,214,214,214,1126
2024-05-01,223,223,223,223,223,1127
2024-05-02,256,256,256,256,256,1128
2024-05-03,236,236,236,236,236,1129
2024-05-04,254,254,254,254,254,1130
2024-05-05,242,242,242,242,242,1131
2024-05-06,198,198,198,198,198,1132
2024-05-07,233,233,233,233,233,1133
2024-05-08,256,256,256,256,256,1134
2024-05-09,199,199,199,199,199,1135
2024-05-10,174,174,174,174,174,1136
2024-05-11,209,209,209,209,209,1137
2024-05-12,176,176,176,176,176,1138
2024-05-13,138,138,138,138,138,1139
2024-05-14,94,94,94,94,94,1140
2024-05-15,114,114,114,114,114,1141
2024-05-16,122,122,122,122,122,1142
2024-05-17,114,114,114,114,114,1143
2024-05-18,55,55,55,55,55,1144
2024-05-19,88,88,88,88,88,1145
2024-05-20,64,64,64,64,64,1146
2024-05-21,89,89,89,89,89,1147
2024-05-22,105,105,105,105,105,1148
2024-05-23,96,96,96,96,96,1149
2024-05-24,71,71,71,71,71,1150
2024-05-25,152,152,152,152,152,1151
2024-05-26,122,122,122,122,122,1152
2024-05-27,170,170,170,170,170,1153
2024-05-28,177,177,177,177,177,1154
2024-05-29,142,142,142,142,142,1155
2024-05-30,125,125,125,125,125,1156
2024-05-31,171,171,171,171,171,1157
2024-06-01,151,151,151,151,151,1158
2024-06-02,140,140,140,140,140,1159
2024-06-03,127,127,127,127,127,1160
2024-06-04,125,125,125,125,125,1161
2024-06-05,123,123,123,123,123,1162
2024-06-06,105,105,105,105,105,1163
2024-06-07,101,101,101,101,101,1164
2024-06-08,130,130,130,130,130,1165
2024-06-09,162,162,162,162,162,1166
2024-06-10,160,160,160,160,160,1167
2024-06-11,108,108,108,108,108,1168
2024-06-12,167,167,167,167,167,1169
2024-06-13,134,134,134,134,134,1170
2024-06-14,118,118,118,118,118,1171
2024-06-15,107,107,107,107,107,1172
2024-06-16,134,134,134,134,134,1173
2024-06-17,94,94,94,94,94,1174
2024-06-18,108,108,108,108,108,1175
2024-06-19,84,84,84,84,84,1176
2024-06-20,105,105,105,105,105,1177
2024-06-21,125,125,125,125,125,1178
2024-06-22,117,117,117,117,117,1179
2024-06-23,85,85,85,85,85,1180
2024-06-24,137,137,137,137,137,1181
2024-06-25,82,82,82,82,82,1182
2024-06-26,86,86,86,86,86,1183
2024-06-27,91,91,91,91,91,1184
2024-06-28,92,92,92,92,92,1185
2024-06-29,97,97,97,97,97,1186
2024-06-30,88,88,88,88,88,1187
2024-07-01,83,83,83,83,83,1188
2024-07-02,118,118,118,118,118,1189
2024-07-03,110,110,110,110,110,1190
2024-07-04,120,120,120,120,120,1191
2024-07-05,73,73,73,73,73,1192
2024-07-06,120,120,120,120,120,1193
2024-07-07,73,73,73,73,73,1194
2024-07-08,106,106,106,106,106,1195
2024-07-09,102,102,102,102,102,1196
2024-07-10,116,116,116,116,116,1197
2024-07-11,76,76,76,76,76,1198
2024-07-12,95,95,95,95,95,1199
2024-07-13,83,83,83,83,83,1200
2024-07-14,105,105,105,105,105,1201
2024-07-15,108,108,108,108,108,1202
2024-07-16,115,115,115,115,115,1203
2024-07-17,71,71,71,71,71,1204
2024-07-18,120,120,120,120,120,1205
2024-07-19,72,72,72,72,72,1206
2024-07-20,94,94,94,94,94,1207
2024-07-21,88,88,88,88,88,1208
2024-07-22,101,101,101,101,101,1209
2024-07-23,79,79,79,79,79,1210
2024-07-24,97,97,97,97,97,1211
2024-07-25,84,84,84,84,84,1212
2024-07-26,105,105,105,105,105,1213
2024-07-27,110,110,110,110,110,1214
2024-07-28,137,137,137,137,137,1215
2024-07-29,71,71,71,71,71,1216
2024-07-30,147,147,147,147,147,1217
2024-07-31,79,79,79,79,79,1218
2024-08-01,113,113,113,113,113,1219
2024-08-02,98,98,98,98,98,1220
2024-08-03,113,113,113,113,113,1221
2024-08-04,93,93,93,93,93,1222
2024-08-05,112,112,112,112,112,1223
2024-08-06,114,114,114,114,114,1224
2024-08-07,144,144,144,144,144,1225
2024-08-08,166,166,166,166,166,1226
2024-08-09,160,160,160,160,160,1227
2024-08-10,112,112,112,112,112,1228
2024-08-11,161,161,161,161,161,1229
2024-08-12,147,147,147,147,147,1230
2024-08-13,202,202,202,202,202,1231
2024-08-14,165,165,165,165,165,1232
2024-08-15,173,173,173,173,173,1233
2024-08-16,161,161,161,161,161,1234
2024-08-17,155,155,155,155,155,1235
2024-08-18,175,175,175,175,175,1236
2024-08-19,164,164,164,164,164,1237
2024-08-20,157,157,157,157,157,1238
2024-08-21,158,158,158,158,158,1239
2024-08-22,126,126,126,126,126,1240
2024-08-23,166,166,166,166,166,1241
2024-08-24,173,173,173,173,173,1242
2024-08-25,160,160,160,160,160,1243
2024-08-26,178,178,178,178,178,1244
2024-08-27,193,193,193,193,193,1245
2024-08-28,150,150,150,150,150,1246
2024-08-29,251,251,251,251,251,1247
2024-08-30,192,192,192,192,192,1248
2024-08-31,212,212,212,212,212,1249
2024-09-01,208,208,208,208,208,1250
2024-09-02,234,234,234,234,234,1251
2024-09-03,236,236,236,236,236,1252
2024-09-04,250,250,250,250,250,1253
2024-09-05,235,235,235,235,235,1254
2024-09-06,231,231,231,231,231,1255
2024-09-07,210,210,210,210,210,1256
2024-09-08,288,288,288,288,288,1257
2024-09-09,283,283,283,283,283,1258
2024-09-10,219,219,219,219,219,1259
2024-09-11,185,185,185,185,185,1260
2024-09-12,286,286,286,286,286,1261
2024-09-13,290,290,290,290,290,1262
2024-09-14,251,251,251,251,251,1263
2024-09-15,231,231,231,231,231,1264
2024-09-16,253,253,253,253,253,1265
2024-09-17,230,230,230,230,230,1266
2024-09-18,273,273,273,273,273,1267
2024-09-19,221,221,221,221,221,1268
2024-09-20,259,259,259,259,259,1269
2024-09-21,307,307,307,307,307,1270
2024-09-22,264,264,264,264,264,1271
2024-09-23,211,211,211,211,211,1272
2024-09-24,313,313,313,313,313,1273
2024-09-25,251,251,251,251,251,1274
2024-09-26,320,320,320,320,320,1275
2024-09-27,293,293,293,293,293,1276
2024-09-28,273,273,273,273,273,1277
2024-09-29,255,255,255,255,255,1278
2024-09-30,256,256,256,256,256,1279
2024-10-01,186,186,186,186,186,1280
2024-10-02,254,254,254,254,254,1281
2024-10-03,240,240,240,240,240,1282
2024-10-04,239,239,239,239,239,1283
2024-10-05,272,272,272,272,272,1284
2024-10-06,327,327,327,327,327,1285
2024-10-07,239,239,239,239,239,1286
2024-10-08,279,279,279,279,279,1287
2024-10-09,272,272,272,272,272,1288
2024-10-10,212,212,212,212,212,1289
2024-10-11,280,280,280,280,280,1290
2024-10-12,283,283,283,283,283,1291
2024-10-13,274,274,274,274,274,1292
2024-10-14,328,328,328,328,328,1293
2024-10-15,338,338,338,338,338,1294
2024-10-16,332,332,332,332,332,1295
2024-10-17,279,279,279,279,279,1296
2024-10-18,288,288,288,288,288,1297
2024-10-19,284,284,284,284,284,1298
2024-10-20,209,209,209,209,209,1299
2024-10-21,269,269,269,269,269,1300
2024-10-22,297,297,297,297,297,1301
2024-10-23,238,238,238,238,238,1302
2024-10-24,207,207,207,207,207,1303
2024-10-25,224,224,224,224,224,1304
2024-10-26,302,302,302,302,302,1305
2024-10-27,292,292,292,292,292,1306
2024-10-28,308,308,308,308,308,1307
2024-10-29,269,269,269,269,269,1308
2024-10-30,286,286,286,286,286,1309
2024-10-31,225,225,225,225,225,1310
2024-11-01,249,249,249,249,249,1311
2024-11-02,217,217,217,217,217,1312
2024-11-03,365,365,365,365,365,1313
2024-11-04,244,244,244,244,244,1314
2024-11-05,220,220,220,220,220,1315
2024-11-06,325,325,325,325,325,1316
2024-11-07,314,314,314,314,314,1317
2024-11-08,273,273,273,273,273,1318
2024-11-09,278,278,278,278,278,1319
2024-11-10,285,285,285,285,285,1320
2024-11-11,272,272,272,272,272,1321
2024-11-12,256,256,256,256,256,1322
2024-11-13,290,290,290,290,290,1323
2024-11-14,187,187,187,187,187,1324
2024-11-15,251,251,251,251,251,1325
2024-11-16,209,209,209,209,209,1326
2024-11-17,264,264,264,264,264,1327
2024-11-18,261,261,261,261,261,1328
2024-11-19,295,295,295,295,295,1329
2024-11-20,235,235,235,235,235,1330
2024-11-21,249,249,249,249,249,1331
2024-11-22,225,225,225,225,225,1332
2024-11-23,333,333,333,333,333,1333
2024-11-24,257,257,257,257,257,1334
2024-11-25,268,268,268,268,268,1335
2024-11-26,242,242,242,242,242,1336
2024-11-27,270,270,270,270,270,1337
2024-11-28,265,265,265,265,265,1338
2024-11-29,261,261,261,261,261,1339
2024-11-30,238,238,238,238,238,1340
2024-12-01,291,291,291,291,291,1341
2024-12-02,270,270,270,270,270,1342
2024-12-03,303,303,303,303,303,1343
2024-12-04,299,299,299,299,299,1344
2024-12-05,328,328,328,328,328,1345
2024-12-06,280,280,280,280,280,1346
2024-12-07,219,219,219,219,219,1347
2024-12-08,205,205,205,205,205,1348
2024-12-09,258,258,258,258,258,1349
2024-12-10,290,290,290,290,290,1350
2024-12-11,290,290,290,290,290,1351
2024-12-12,282,282,282,282,282,1352
2024-12-13,262,262,262,262,262,1353
2024-12-14,217,217,217,217,217,1354
2024-12-15,295,295,295,295,295,1355
2024-12-16,243,243,243,243,243,1356
2024-12-17,320,320,320,320,320,1357
2024-12-18,273,273,273,273,273,1358
2024-12-19,238,238,238,238,238,1359
2024-12-20,205,205,205,205,205,1360
2024-12-21,206,206,206,206,206,1361
2024-12-22,305,305,305,305,305,1362
2024-12-23,259,259,259,259,259,1363
2024-12-24,276,276,276,276,276,1364
2024-12-25,251,251,251,251,251,1365
2024-12-26,228,228,228,228,228,1366
2024-12-27,290,290,290,290,290,1367
2024-12-28,311,311,311,311,311,1368
2024-12-29,291,291,291,291,291,1369
2024-12-30,345,345,345,345,345,1370
2024-12-31,269,269,269,269,269,1371
2025-01-01,274,274,274,274,274,1372
2025-01-02,310,310,310,310,310,1373
2025-01-03,314,314,314,314,314,1374
2025-01-04,265,265,265,265,265,1375
2025-01-05,307,307,307,307,307,1376
2025-01-06,307,307,307,307,307,1377
2025-01-07,265,265,265,265,265,1378
2025-01-08,258,258,258,258,258,1379
2025-01-09,268,268,268,268,268,1380
2025-01-10,226,226,226,226,226,1381
2025-01-11,296,296,296,296,296,1382
2025-01-12,243,243,243,243,243,1383
2025-01-13,270,270,270,270,270,1384
2025-01-14,276,276,276,276,276,1385
2025-01-15,340,340,340,340,340,1386
2025-01-16,254,254,254,254,254,1387
2025-01-17,230,230,230,230,230,1388
2025-01-18,307,307,307,307,307,1389
2025-01-19,311,311,311,311,311,1390
2025-01-20,298,298,298,298,298,1391
2025-01-21,285,285,285,285,285,1392
2025-01-22,226,226,226,226,226,1393
2025-01-23,229,229,229,229,229,1394
2025-01-24,289,289,289,289,289,1395
2025-01-25,250,250,250,250,250,1396
2025-01-26,223,223,223,223,223,1397
2025-01-27,286,286,286,286,286,1398
2025-01-28,217,217,217,217,217,1399
2025-01-29,221,221,221,221,221,1400
2025-01-30,288,288,288,288,288,1401
2025-01-31,281,281,281,281,281,1402
2025-02-01,196,196,196,196,196,1403
2025-02-02,228,228,228,228,228,1404
2025-02-03,168,168,168,168,168,1405
2025-02-04,190,190,190,190,190,1406
2025-02-05,223,223,223,223,223,1407
2025-02-06,202,202,202,202,202,1408
2025-02-07,253,253,253,253,253,1409
2025-02-08,217,217,217,217,217,1410
2025-02-09,208,208,208,208,208,1411
2025-02-10,205,205,205,205,205,1412
2025-02-11,241,241,241,241,241,1413
2025-02-12,245,245,245,245,245,1414
2025-02-13,181,181,181,181,181,1415
2025-02-14,250,250,250,250,250,1416
2025-02-15,193,193,193,193,193,1417
2025-02-16,196,196,196,196,196,1418
2025-02-17,180,180,180,180,180,1419
2025-02-18,207,207,207,207,207,1420
2025-02-19,186,186,186,186,186,1421
2025-02-20,212,212,212,212,212,1422
2025-02-21,175,175,175,175,175,1423
2025-02-22,171,171,171,171,171,1424
2025-02-23,167,167,167,167,167,1425
2025-02-24,158,158,158,158,158,1426
2025-02-25,137,137,137,137,137,1427
2025-02-26,148,148,148,148,148,1428
2025-02-27,143,143,143,143,143,1429
2025-02-28,115,115,115,115,115,1430
2025-03-01,90,90,90,90,90,1431
2025-03-02,293,293,293,293,293,1432
2025-03-03,234,234,234,234,234,1433
2025-03-04,206,206,206,206,206,1434
2025-03-05,123,123,123,123,123,1435
2025-03-06,10,10,10,10,10,1436
2025-03-07,235,235,235,235,235,1437
2025-03-08,285,285,285,285,285,1438
2025-03-09,277,277,277,277,277,1439
2025-03-10,231,231,231,231,231,1440
2025-03-11,283,283,283,283,283,1441
2025-03-12,298,298,298,298,298,1442
2025-03-13,317,317,317,317,317,1443
2025-03-14,284,284,284,284,284,1444
2025-03-15,264,264,264,264,264,1445
2025-03-16,229,229,229,229,229,1446
2025-03-17,177,177,177,177,177,1447
2025-03-18,230,230,230,230,230,1448
2025-03-19,248,248,248,248,248,1449
2025-03-20,227,227,227,227,227,1450
2025-03-21,244,244,244,244,244,1451
2025-03-22,227,227,227,227,227,1452
2025-03-23,197,197,197,197,197,1453
2025-03-24,211,211,211,211,211,1454
2025-03-25,207,207,207,207,207,1455
2025-03-26,209,209,209,209,209,1456
2025-03-27,193,193,193,193,193,1457
2025-03-28,160,160,160,160,160,1458
2025-03-29,187,187,187,187,187,1459
2025-03-30,174,174,174,174,174,1460
2025-03-31,215,215,215,215,215,1461
2025-04-01,176,176,176,176,176,1462
2025-04-02,180,180,180,180,180,1463
2025-04-03,176,176,176,176,176,1464
2025-04-04,145,145,145,145,145,1465
2025-04-05,188,188,188,188,188,1466
2025-04-06,140,140,140,140,140,1467
2025-04-07,146,146,146,146,146,1468
2025-04-08,164,164,164,164,164,1469
2025-04-09,118,118,118,118,118,1470
2025-04-10,133,133,133,133,133,1471
2025-04-11,116,116,116,116,116,1472
2025-04-12,123,123,123,123,123,1473
2025-04-13,134,134,134,134,134,1474
2025-04-14,132,132,132,132,132,1475
2025-04-15,143,143,143,143,143,1476
2025-04-16,169,169,169,169,169,1477
2025-04-17,149,149,149,149,149,1478
2025-04-18,148,148,148,148,148,1479
2025-04-19,161,161,161,161,161,1480
2025-04-20,147,147,147,147,147,1481
2025-04-21,146,146,146,146,146,1482
2025-04-22,121,121,121,121,121,1483
2025-04-23,110,110,110,110,110,1484
2025-04-24,162,162,162,162,162,1485
2025-04-25,256,256,256,256,256,1486
2025-04-26,230,230,230,230,230,1487
2025-04-27,135,135,135,135,135,1488
2025-04-28,138,138,138,138,138,1489
2025-04-29,115,115,115,115,115,1490
2025-04-30,103,103,103,103,103,1491
2025-05-01,116,116,116,116,116,1492
2025-05-02,124,124,124,124,124,1493
2025-05-03,58,58,58,58,58,1494
2025-05-04,60,60,60,60,60,1495
2025-05-05,45,45,45,45,45,1496
2025-05-06,75,75,75,75,75,1497
2025-05-07,130,130,130,130,130,1498
2025-05-08,117,117,117,117,117,1499
2025-05-09,91,91,91,91,91,1500
2025-05-10,79,79,79,79,79,1501
2025-05-11,89,89,89,89,89,1502
2025-05-12,97,97,97,97,97,1503
2025-05-13,126,126,126,126,126,1504
2025-05-14,128,128,128,128,128,1505
2025-05-15,73,73,73,73,73,1506
2025-05-16,61,61,61,61,61,1507
2025-05-17,65,65,65,65,65,1508
2025-05-18,80,80,80,80,80,1509
2025-05-19,153,153,153,153,153,1510
2025-05-20,134,134,134,134,134,1511
2025-05-21,101,101,101,101,101,1512
2025-05-22,122,122,122,122,122,1513
2025-05-23,111,111,111,111,111,1514
2025-05-24,147,147,147,147,147,1515
2025-05-25,154,154,154,154,154,1516
2025-05-26,147,147,147,147,147,1517
2025-05-27,120,120,120,120,120,1518
2025-05-28,136,136,136,136,136,1519
2025-05-29,134,134,134,134,134,1520
2025-05-30,129,129,129,129,129,1521
2025-05-31,174,174,174,174,174,1522
2025-06-01,178,178,178,178,178,1523
2025-06-02,189,189,189,189,189,1524
2025-06-03,207,207,207,207,207,1525
2025-06-04,143,143,143,143,143,1526
2025-06-05,195,195,195,195,195,1527
2025-06-06,183,183,183,183,183,1528
2025-06-07,206,206,206,206,206,1529
2025-06-08,128,128,128,128,128,1530
2025-06-09,186,186,186,186,186,1531
2025-06-10,185,185,185,185,185,1532
2025-06-11,202,202,202,202,202,1533
2025-06-12,243,243,243,243,243,1534
2025-06-13,207,207,207,207,207,1535
2025-06-14,217,217,217,217,217,1536
2025-06-15,237,237,237,237,237,1537
2025-06-16,187,187,187,187,187,1538
2025-06-17,183,183,183,183,183,1539
2025-06-18,214,214,214,214,214,1540
2025-06-19,286,286,286,286,286,1541
2025-06-20,160,160,160,160,160,1542
2025-06-21,209,209,209,209,209,1543
2025-06-22,218,218,218,218,218,1544
2025-06-23,258,258,258,258,258,1545
2025-06-24,257,257,257,257,257,1546
2025-06-25,276,276,276,276,276,1547
2025-06-26,219,219,219,219,219,1548
2025-06-27,249,249,249,249,249,1549
2025-06-28,282,282,282,282,282,1550
2025-06-29,270,270,270,270,270,1551
2025-06-30,221,221,221,221,221,1552
2025-07-01,280,280,280,280,280,1553
2025-07-02,238,238,238,238,238,1554
2025-07-03,257,257,257,257,257,1555
2025-07-04,274,274,274,274,274,1556
2025-07-05,220,220,220,220,220,1557
2025-07-06,306,306,306,306,306,1558
2025-07-07,270,270,270,270,270,1559
2025-07-08,243,243,243,243,243,1560
2025-07-09,248,248,248,248,248,1561
2025-07-10,262,262,262,262,262,1562
2025-07-11,278,278,278,278,278,1563
2025-07-12,279,279,279,279,279,1564
2025-07-13,282,282,282,282,282,1565
2025-07-14,279,279,279,279,279,1566
2025-07-15,248,248,248,248,248,1567
2025-07-16,217,217,217,217,217,1568
2025-07-17,266,266,266,266,266,1569
2025-07-18,267,267,267,267,267,1570
2025-07-19,212,212,212,212,212,1571
2025-07-20,263,263,263,263,263,1572
2025-07-21,290,290,290,290,290,1573
2025-07-22,309,309,309,309,309,1574
2025-07-23,246,246,246,246,246,1575
2025-07-24,253,253,253,253,253,1576
2025-07-25,303,303,303,303,303,1577
2025-07-26,255,255,255,255,255,1578
2025-07-27,232,232,232,232,232,1579
2025-07-28,305,305,305,305,305,1580
2025-07-29,317,317,317,317,317,1581
2025-07-30,321,321,321,321,321,1582
2025-07-31,267,267,267,267,267,1583
2025-08-01,213,213,213,213,213,1584
2025-08-02,302,302,302,302,302,1585
2025-08-03,244,244,244,244,244,1586
2025-08-04,286,286,286,286,286,1587
2025-08-05,277,277,277,277,277,1588
2025-08-06,290,290,290,290,290,1589
2025-08-07,266,266,266,266,266,1590
2025-08-08,250,250,250,250,250,1591
2025-08-09,252,252,252,252,252,1592
2025-08-10,281,281,281,281,281,1593
2025-08-11,289,289,289,289,289,1594
2025-08-12,347,347,347,347,347,1595
2025-08-13,250,250,250,250,250,1596
2025-08-14,280,280,280,280,280,1597
2025-08-15,244,244,244,244,244,1598
2025-08-16,246,246,246,246,246,1599
2025-08-17,247,247,247,247,247,1600
2025-08-18,291,291,291,291,291,1601
2025-08-19,197,197,197,197,197,1602
2025-08-20,239,239,239,239,239,1603
2025-08-21,292,292,292,292,292,1604
2025-08-22,257,257,257,257,257,1605
2025-08-23,287,287,287,287,287,1606
2025-08-24,281,281,281,281,281,1607
2025-08-25,319,319,319,319,319,1608
2025-08-26,265,265,265,265,265,1609
2025-08-27,288,288,288,288,288,1610
2025-08-28,282,282,282,282,282,1611
2025-08-29,260,260,260,260,260,1612
2025-08-30,268,268,268,268,268,1613
2025-08-31,228,228,228,228,228,1614
2025-09-01,257,257,257,257,257,1615
2025-09-02,247,247,247,247,247,1616
2025-09-03,257,257,257,257,257,1617
2025-09-04,304,304,304,304,304,1618
2025-09-05,261,261,261,261,261,1619
2025-09-06,268,268,268,268,268,1620
2025-09-07,306,306,306,306,306,1621
2025-09-08,246,246,246,246,246,1622
2025-09-09,297,297,297,297,297,1623
2025-09-10,275,275,275,275,275,1624
2025-09-11,267,267,267,267,267,1625
2025-09-12,192,192,192,192,192,1626
2025-09-13,219,219,219,219,219,1627
2025-09-14,264,264,264,264,264,1628
2025-09-15,240,240,240,240,240,1629
2025-09-16,277,277,277,277,277,1630
2025-09-17,308,308,308,308,308,1631
2025-09-18,323,323,323,323,323,1632
2025-09-19,275,275,275,275,275,1633
2025-09-20,301,301,301,301,301,1634
2025-09-21,261,261,261,261,261,1635
2025-09-22,288,288,288,288,288,1636
2025-09-23,319,319,319,319,319,1637
2025-09-24,275,275,275,275,275,1638
2025-09-25,241,241,241,241,241,1639
2025-09-26,259,259,259,259,259,1640
2025-09-27,262,262,262,262,262,1641
2025-09-28,297,297,297,297,297,1642
2025-09-29,295,295,295,295,295,1643
2025-09-30,243,243,243,243,243,1644
2025-10-01,310,310,310,310,310,1645
2025-10-02,248,248,248,248,248,1646
2025-10-03,274,274,274,274,274,1647
2025-10-04,238,238,238,238,238,1648
2025-10-05,313,313,313,313,313,1649
2025-10-06,250,250,250,250,250,1650
2025-10-07,274,274,274,274,274,1651
2025-10-08,310,310,310,310,310,1652
2025-10-09,312,312,312,312,312,1653
2025-10-10,370,370,370,370,370,1654
2025-10-11,315,315,315,315,315,1655
2025-10-12,276,276,276,276,276,1656
2025-10-13,307,307,307,307,307,1657
2025-10-14,295,295,295,295,295,1658
2025-10-15,263,263,263,263,263,1659
2025-10-16,232,232,232,232,232,1660
2025-10-17,262,262,262,262,262,1661
2025-10-18,216,216,216,216,216,1662
2025-10-19,295,295,295,295,295,1663
2025-10-20,233,233,233,233,233,1664
2025-10-21,259,259,259,259,259,1665
2025-10-22,328,328,328,328,328,1666
2025-10-23,280,280,280,280,280,1667
2025-10-24,230,230,230,230,230,1668
2025-10-25,255,255,255,255,255,1669
2025-10-26,267,267,267,267,267,1670
2025-10-27,272,272,272,272,272,1671
2025-10-28,243,243,243,243,243,1672
2025-10-29,243,243,243,243,243,1673
2025-10-30,239,239,239,239,239,1674
2025-10-31,223,223,223,223,223,1675
2025-11-01,221,221,221,221,221,1676
2025-11-02,239,239,239,239,239,1677
2025-11-03,269,269,269,269,269,1678
2025-11-04,239,239,239,239,239,1679
2025-11-05,267,267,267,267,267,1680
2025-11-06,252,252,252,252,252,1681
2025-11-07,262,262,262,262,262,1682
2025-11-08,270,270,270,270,270,1683
2025-11-09,218,218,218,218,218,1684
2025-11-10,269,269,269,269,269,1685
2025-11-11,209,209,209,209,209,1686
2025-11-12,229,229,229,229,229,1687
2025-11-13,182,182,182,182,182,1688
2025-11-14,233,233,233,233,233,1689
2025-11-15,280,280,280,280,280,1690
2025-11-16,273,273,273,273,273,1691
2025-11-17,199,199,199,199,199,1692
2025-11-18,206,206,206,206,206,1693
2025-11-19,187,187,187,187,187,1694
2025-11-20,239,239,239,239,239,1695
2025-11-21,185,185,185,185,185,1696
2025-11-22,187,187,187,187,187,1697
2025-11-23,209,209,209,209,209,1698
2025-11-24,206,206,206,206,206,1699
2025-11-25,193,193,193,193,193,1700
2025-11-26,230,230,230,230,230,1701
2025-11-27,220,220,220,220,220,1702
2025-11-28,229,229,229,229,229,1703
2025-11-29,217,217,217,217,217,1704
2025-11-30,212,212,212,212,212,1705
2025-12-01,177,177,177,177,177,1706
2025-12-02,179,179,179,179,179,1707
2025-12-03,192,192,192,192,192,1708
2025-12-04,196,196,196,196,196,1709
2025-12-05,174,174,174,174,174,1710
2025-12-06,95,95,95,95,95,1711
2025-12-07,94,94,94,94,94,1712
2025-12-08,77,77,77,77,77,1713
2025-12-09,61,61,61,61,61,1714
2025-12-10,49,49,49,49,49,1715
2025-12-11,63,63,63,63,63,1716
2025-12-12,60,60,60,60,60,1717
2025-12-13,74,74,74,74,74,1718
2025-12-14,54,54,54,54,54,1719
2025-12-15,67,67,67,67,67,1720
2025-12-16,31,31,31,31,31,1721
2025-12-17,15,15,15,15,15,1722
2025-12-18,3,3,3,3,3,1723
2025-12-19,155,155,155,155,155,1724
2025-12-20,225,225,225,225,225,1725
2025-12-21,169,169,169,169,169,1726
2025-12-22,164,164,164,164,164,1727
2025-12-23,141,141,141,141,141,1728
2025-12-24,113,113,113,113,113,1729
2025-12-25,187,187,187,187,187,1730
2025-12-26,130,130,130,130,130,1731
2025-12-27,158,158,158,158,158,1732
2025-12-28,151,151,151,151,151,1733
2025-12-29,99,99,99,99,99,1734
2025-12-30,127,127,127,127,127,1735
2025-12-31,130,130,130,130,130,1736
2026-01-01,185,185,185,185,185,1737
2026-01-02,150,150,150,150,150,1738
2026-01-03,147,147,147,147,147,1739
2026-01-04,127,127,127,127,127,1740
2026-01-05,95,95,95,95,95,1741
2026-01-06,141,141,141,141,141,1742
2026-01-07,115,115,115,115,115,1743
2026-01-08,134,134,134,134,134,1744
2026-01-09,128,128,128,128,128,1745
2026-01-10,69,69,69,69,69,1746
2026-01-11,96,96,96,96,96,1747
2026-01-12,121,121,121,121,121,1748
2026-01-13,166,166,166,166,166,1749
2026-01-14,119,119,119,119,119,1750
2026-01-15,113,113,113,113,113,1751
2026-01-16,91,91,91,91,91,1752
2026-01-17,85,85,85,85,85,1753
2026-01-18,104,104,104,104,104,1754
2026-01-19,132,132,132,132,132,1755
2026-01-20,118,118,118,118,118,1756
2026-01-21,125,125,125,125,125,1757
2026-01-22,88,88,88,88,88,1758
2026-01-23,109,109,109,109,109,1759
2026-01-24,107,107,107,107,107,1760
2026-01-25,148,148,148,148,148,1761
2026-01-26,110,110,110,110,110,1762
2026-01-27,109,109,109,109,109,1763
2026-01-28,89,89,89,89,89,1764
2026-01-29,78,78,78,78,78,1765
2026-01-30,92,92,92,92,92,1766
2026-01-31,99,99,99,99,99,1767
2026-02-01,92,92,92,92,92,1768
2026-02-02,76,76,76,76,76,1769
2026-02-03,75,75,75,75,75,1770
2026-02-04,91,91,91,91,91,1771
2026-02-05,113,113,113,113,113,1772
2026-02-06,152,152,152,152,152,1773
2026-02-07,108,108,108,108,108,1774
2026-02-08,94,94,94,94,94,1775
2026-02-09,95,95,95,95,95,1776
2026-02-10,74,74,74,74,74,1777
2026-02-11,108,108,108,108,108,1778
2026-02-12,81,81,81,81,81,1779
2026-02-13,101,101,101,101,101,1780
2026-02-14,99,99,99,99,99,1781
2026-02-15,78,78,78,78,78,1782
2026-02-16,90,90,90,90,90,1783
2026-02-17,87,87,87,87,87,1784
2026-02-18,139,139,139,139,139,1785
2026-02-19,110,110,110,110,110,1786
2026-02-20,104,104,104,104,104,1787
2026-02-21,106,106,106,106,106,1788
2026-02-22,81,81,81,81,81,1789
2026-02-23,118,118,118,118,118,1790
2026-02-24,82,82,82,82,82,1791
2026-02-25,108,108,108,108,108,1792
2026-02-26,112,112,112,112,112,1793
2026-02-27,93,93,93,93,93,1794
2026-02-28,113,113,113,113,113,1795
2026-03-01,148,148,148,148,148,1796
2026-03-02,185,185,185,185,185,1797
2026-03-03,143,143,143,143,143,1798
2026-03-04,151,151,151,151,151,1799
2026-03-05,123,123,123,123,123,1800
2026-03-06,105,105,105,105,105,1801
2026-03-07,139,139,139,139,139,1802
2026-03-08,128,128,128,128,128,1803
2026-03-09,156,156,156,156,156,1804
2026-03-10,139,139,139,139,139,1805
2026-03-11,120,120,120,120,120,1806
2026-03-12,132,132,132,132,132,1807
2026-03-13,157,157,157,157,157,1808
2026-03-14,195,195,195,195,195,1809
2026-03-15,164,164,164,164,164,1810
2026-03-16,197,197,197,197,197,1811
2026-03-17,144,144,144,144,144,1812
2026-03-18,132,132,132,132,132,1813
2026-03-19,180,180,180,180,180,1814
2026-03-20,200,200,200,200,200,1815
2026-03-21,186,186,186,186,186,1816
2026-03-22,182,182,182,182,182,1817
2026-03-23,182,182,182,182,182,1818
2026-03-24,246,246,246,246,246,1819
2026-03-25,193,193,193,193,193,1820
2026-03-26,221,221,221,221,221,1821
2026-03-27,230,230,230,230,230,1822
2026-03-28,209,209,209,209,209,1823
2026-03-29,276,276,276,276,276,1824
2026-03-30,197,197,197,197,197,1825
2026-03-31,228,228,228,228,228,1826
2026-04-01,177,177,177,177,177,1827
2026-04-02,220,220,220,220,220,1828
2026-04-03,238,238,238,238,238,1829
2026-04-04,271,271,271,271,271,1830
2026-04-05,263,263,263,263,263,1831
2026-04-06,212,212,212,212,212,1832
2026-04-07,268,268,268,268,268,1833
2026-04-08,217,217,217,217,217,1834
2026-04-09,244,244,244,244,244,1835
2026-04-10,236,236,236,236,236,1836
2026-04-11,261,261,261,261,261,1837
2026-04-12,252,252,252,252,252,1838
2026-04-13,212,212,212,212,212,1839
2026-04-14,214,214,214,214,214,1840
2026-04-15,265,265,265,265,265,1841
2026-04-16,212,212,212,212,212,1842
2026-04-17,283,283,283,283,283,1843
2026-04-18,272,272,272,272,272,1844
2026-04-19,289,289,289,289,289,1845
2026-04-20,277,277,277,277,277,1846
2026-04-21,291,291,291,291,291,1847
2026-04-22,234,234,234,234,234,1848
2026-04-23,262,262,262,262,262,1849
2026-04-24,269,269,269,269,269,1850
2026-04-25,199,199,199,199,199,1851
2026-04-26,277,277,277,277,277,1852
2026-04-27,295,295,295,295,295,1853
2026-04-28,253,253,253,253,253,1854
2026-04-29,310,310,310,310,310,1855
2026-04-30,258,258,258,258,258,1856
2026-05-01,330,330,330,330,330,1857
2026-05-02,260,260,260,260,260,1858
2026-05-03,240,240,240,240,240,1859
2026-05-04,263,263,263,263,263,1860
2026-05-05,344,344,344,344,344,1861
2026-05-06,271,271,271,271,271,1862
2026-05-07,354,354,354,354,354,1863
2026-05-08,281,281,281,281,281,1864
2026-05-09,260,260,260,260,260,1865
2026-05-10,304,304,304,304,304,1866
2026-05-11,262,262,262,262,262,1867
2026-05-12,249,249,249,249,249,1868
2026-05-13,294,294,294,294,294,1869
2026-05-14,250,250,250,250,250,1870
2026-05-15,254,254,254,254,254,1871
2026-05-16,314,314,314,314,314,1872
2026-05-17,238,238,238,238,238,1873
2026-05-18,232,232,232,232,232,1874
2026-05-19,294,294,294,294,294,1875
2026-05-20,286,286,286,286,286,1876
2026-05-21,263,263,263,263,263,1877
2026-05-22,236,236,236,236,236,1878
2026-05-23,238,238,238,238,238,1879
2026-05-24,248,248,248,248,248,1880
2026-05-25,282,282,282,282,282,1881
2026-05-26,227,227,227,227,227,1882
2026-05-27,251,251,251,251,251,1883
2026-05-28,280,280,280,280,280,1884
2026-05-29,266,266,266,266,266,1885
2026-05-30,244,244,244,244,244,1886
2026-05-31,294,294,294,294,294,1887
2026-06-01,292,292,292,292,292,1888
2026-06-02,231,231,231,231,231,1889
2026-06-03,265,265,265,265,265,1890
2026-06-04,277,277,277,277,277,1891
2026-06-05,284,284,284,284,284,1892
2026-06-06,310,310,310,310,310,1893
2026-06-07,218,218,218,218,218,1894
2026-06-08,252,252,252,252,252,1895
2026-06-09,245,245,245,245,245,1896
2026-06-10,217,217,217,217,217,1897
2026-06-11,241,241,241,241,241,1898
2026-06-12,286,286,286,286,286,1899
2026-06-13,267,267,267,267,267,1900
2026-06-14,237,237,237,237,237,1901
2026-06-15,205,205,205,205,205,1902
2026-06-16,287,287,287,287,287,1903
2026-06-17,218,218,218,218,218,1904
2026-06-18,314,314,314,314,314,1905
2026-06-19,262,262,262,262,262,1906
2026-06-20,234,234,234,234,234,1907
2026-06-21,269,269,269,269,269,1908
2026-06-22,247,247,247,247,247,1909
2026-06-23,246,246,246,246,246,1910
2026-06-24,256,256,256,256,256,1911
2026-06-25,274,274,274,274,274,1912
2026-06-26,239,239,239,239,239,1913
2026-06-27,221,221,221,221,221,1914
2026-06-28,245,245,245,245,245,1915
2026-06-29,278,278,278,278,278,1916
2026-06-30,326,326,326,326,326,1917
2026-07-01,279,279,279,279,279,1918
2026-07-02,313,313,313,313,313,1919
2026-07-03,368,368,368,368,368,1920
2026-07-04,239,239,239,239,239,1921
2026-07-05,246,246,246,246,246,1922
2026-07-06,251,251,251,251,251,1923
2026-07-07,308,308,308,308,308,1924
2026-07-08,242,242,242,242,242,1925
2026-07-09,295,295,295,295,295,1926
2026-07-10,239,239,239,239,239,1927
2026-07-11,266,266,266,266,266,1928
2026-07-12,319,319,319,319,319,1929
2026-07-13,270,270,270,270,270,1930
2026-07-14,230,230,230,230,230,1931
2026-07-15,310,310,310,310,310,1932
2026-07-16,234,234,234,234,234,1933
2026-07-17,207,207,207,207,207,1934
2026-07-18,240,240,240,240,240,1935
2026-07-19,301,301,301,301,301,1936
2026-07-20,319,319,319,319,319,1937
2026-07-21,256,256,256,256,256,1938
2026-07-22,261,261,261,261,261,1939
2026-07-23,335,335,335,335,335,1940
2026-07-24,376,376,376,376,376,1941
2026-07-25,270,270,270,270,270,1942
2026-07-26,266,266,266,266,266,1943
2026-07-27,356,356,356,356,356,1944
2026-07-28,296,296,296,296,296,1945
2026-07-29,281,281,281,281,281,1946
2026-07-30,309,309,309,309,309,1947
2026-07-31,345,345,345,345,345,1948
2026-08-01,337,337,337,337,337,1949
2026-08-02,294,294,294,294,294,1950
2026-08-03,276,276,276,276,276,1951
2026-08-04,333,333,333,333,333,1952
2026-08-05,379,379,379,379,379,1953
2026-08-06,291,291,291,291,291,1954
2026-08-07,226,226,226,226,226,1955
2026-08-08,296,296,296,296,296,1956
2026-08-09,248,248,248,248,248,1957
2026-08-10,274,274,274,274,274,1958
2026-08-11,231,231,231,231,231,1959
2026-08-12,297,297,297,297,297,1960
2026-08-13,269,269,269,269,269,1961
2026-08-14,287,287,287,287,287,1962
2026-08-15,270,270,270,270,270,1963
2026-08-16,275,275,275,275,275,1964
2026-08-17,336,336,336,336,336,1965
2026-08-18,271,271,271,271,271,1966
2026-08-19,271,271,271,271,271,1967
2026-08-20,294,294,294,294,294,1968
2026-08-21,252,252,252,252,252,1969
2026-08-22,238,238,238,238,238,1970
2026-08-23,236,236,236,236,236,1971
2026-08-24,320,320,320,320,320,1972
2026-08-25,272,272,272,272,272,1973
2026-08-26,241,241,241,241,241,1974
2026-08-27,297,297,297,297,297,1975
2026-08-28,239,239,239,239,239,1976
2026-08-29,314,314,314,314,314,1977
2026-08-30,294,294,294,294,294,1978
2026-08-31,247,247,247,247,247,1979
2026-09-01,290,290,290,290,290,1980
2026-09-02,292,292,292,292,292,1981
2026-09-03,242,242,242,242,242,1982
2026-09-04,269,269,269,269,269,1983
2026-09-05,307,307,307,307,307,1984
2026-09-06,292,292,292,292,292,1985
2026-09-07,249,249,249,249,249,1986
2026-09-08,246,246,246,246,246,1987
2026-09-09,224,224,224,224,224,1988
2026-09-10,285,285,285,285,285,1989
2026-09-11,257,257,257,257,257,1990
2026-09-12,257,257,257,257,257,1991
2026-09-13,251,251,251,251,251,1992
2026-09-14,235,235,235,235,235,1993
2026-09-15,264,264,264,264,264,1994
2026-09-16,212,212,212,212,212,1995
2026-09-17,262,262,262,262,262,1996
2026-09-18,213,213,213,213,213,1997
2026-09-19,203,203,203,203,203,1998
2026-09-20,188,188,188,188,188,1999
2026-09-21,174,174,174,174,174,2000
2026-09-22,237,237,237,237,237,2001
2026-09-23,185,185,185,185,185,2002
2026-09-24,185,185,185,185,185,2003
2026-09-25,191,191,191,191,191,2004
2026-09-26,186,186,186,186,186,2005
2026-09-27,191,191,191,191,191,2006
2026-09-28,179,179,179,179,179,2007
2026-09-29,211,211,211,211,211,2008
2026-09-30,171,171,171,171,171,2009
2026-10-01,162,162,162,162,162,2010
2026-10-02,153,153,153,153,153,2011
2026-10-03,264,264,264,264,264,2012
2026-10-04,392,392,392,392,392,2013
2026-10-05,289,289,289,289,289,2014
2026-10-06,291,291,291,291,291,2015
2026-10-07,350,350,350,350,350,2016
2026-10-08,300,300,300,300,300,2017
2026-10-09,325,325,325,325,325,2018
2026-10-10,382,382,382,382,382,2019
2026-10-11,312,312,312,312,312,2020
2026-10-12,167,167,167,167,167,2021
2026-10-13,163,163,163,163,163,2022
2026-10-14,121,121,121,121,121,2023
2026-10-15,178,178,178,178,178,2024
2026-10-16,134,134,134,134,134,2025
2026-10-17,97,97,97,97,97,2026
2026-10-18,92,92,92,92,92,2027
2026-10-19,111,111,111,111,111,2028
2026-10-20,116,116,116,116,116,2029
2026-10-21,168,168,168,168,168,2030
2026-10-22,224,224,224,224,224,2031
2026-10-23,208,208,208,208,208,2032
2026-10-24,121,121,121,121,121,2033
2026-10-25,97,97,97,97,97,2034
2026-10-26,100,100,100,100,100,2035
2026-10-27,136,136,136,136,136,2036
2026-10-28,114,114,114,114,114,2037
2026-10-29,84,84,84,84,84,2038
2026-10-30,84,84,84,84,84,2039
2026-10-31,104,104,104,104,104,2040
2026-11-01,129,129,129,129,129,2041
2026-11-02,170,170,170,170,170,2042
2026-11-03,210,210,210,210,210,2043
2026-11-04,204,204,204,204,204,2044
2026-11-05,143,143,143,143,143,2045
2026-11-06,101,101,101,101,101,2046
2026-11-07,91,91,91,91,91,2047
2026-11-08,134,134,134,134,134,2048
2026-11-09,110,110,110,110,110,2049
2026-11-10,85,85,85,85,85,2050
2026-11-11,101,101,101,101,101,2051
2026-11-12,118,118,118,118,118,2052
2026-11-13,140,140,140,140,140,2053
2026-11-14,151,151,151,151,151,2054
2026-11-15,218,218,218,218,218,2055
2026-11-16,198,198,198,198,198,2056
2026-11-17,115,115,115,115,115,2057
2026-11-18,104,104,104,104,104,2058
2026-11-19,91,91,91,91,91,2059
2026-11-20,114,114,114,114,114,2060
2026-11-21,111,111,111,111,111,2061
2026-11-22,93,93,93,93,93,2062
2026-11-23,109,109,109,109,109,2063
2026-11-24,102,102,102,102,102,2064
2026-11-25,126,126,126,126,126,2065
2026-11-26,155,155,155,155,155,2066
2026-11-27,209,209,209,209,209,2067
2026-11-28,191,191,191,191,191,2068
2026-11-29,128,128,128,128,128,2069
2026-11-30,97,97,97,97,97,2070
2026-12-01,107,107,107,107,107,2071
2026-12-02,125,125,125,125,125,2072
2026-12-03,111,111,111,111,111,2073
2026-12-04,92,92,92,92,92,2074
2026-12-05,116,116,116,116,116,2075
2026-12-06,110,110,110,110,110,2076
2026-12-07,123,123,123,123,123,2077
2026-12-08,148,148,148,148,148,2078
2026-12-09,237,237,237,237,237,2079
2026-12-10,187,187,187,187,187,2080
2026-12-11,138,138,138,138,138,2081
2026-12-12,117,117,117,117,117,2082
2026-12-13,117,117,117,117,117,2083
2026-12-14,137,137,137,137,137,2084
2026-12-15,115,115,115,115,115,2085
2026-12-16,139,139,139,139,139,2086
2026-12-17,157,157,157,157,157,2087
2026-12-18,150,150,150,150,150,2088
2026-12-19,154,154,154,154,154,2089
2026-12-20,157,157,157,157,157,2090
2026-12-21,268,268,268,268,268,2091
2026-12-22,228,228,228,228,228,2092
2026-12-23,161,161,161,161,161,2093
2026-12-24,141,141,141,141,141,2094
2026-12-25,181,181,181,181,181,2095
2026-12-26,186,186,186,186,186,2096
2026-12-27,188,188,188,188,188,2097
2026-12-28,143,143,143,143,143,2098
2026-12-29,177,177,177,177,177,2099
2026-12-30,177,177,177,177,177,2100
2026-12-31,186,186,186,186,186,2101
2027-01-01,254,254,254,254,254,2102
2027-01-02,274,274,274,274,274,2103
2027-01-03,268,268,268,268,268,2104
2027-01-04,166,166,166,166,166,2105
2027-01-05,198,198,198,198,198,2106
2027-01-06,220,220,220,220,220,2107
2027-01-07,200,200,200,200,200,2108
2027-01-08,220,220,220,220,220,2109
2027-01-09,243,243,243,243,243,2110
2027-01-10,203,203,203,203,203,2111
2027-01-11,217,217,217,217,217,2112
2027-01-12,245,245,245,245,245,2113
2027-01-13,286,286,286,286,286,2114
2027-01-14,296,296,296,296,296,2115
2027-01-15,243,243,243,243,243,2116
2027-01-16,213,213,213,213,213,2117
2027-01-17,193,193,193,193,193,2118
2027-01-18,187,187,187,187,187,2119
2027-01-19,207,207,207,207,207,2120
2027-01-20,224,224,224,224,224,2121
2027-01-21,242,242,242,242,242,2122
2027-01-22,261,261,261,261,261,2123
2027-01-23,233,233,233,233,233,2124
2027-01-24,228,228,228,228,228,2125
2027-01-25,277,277,277,277,277,2126
2027-01-26,330,330,330,330,330,2127
2027-01-27,257,257,257,257,257,2128
2027-01-28,195,195,195,195,195,2129
2027-01-29,213,213,213,213,213,2130
2027-01-30,209,209,209,209,209,2131
2027-01-31,249,249,249,249,249,2132
2027-02-01,320,320,320,320,320,2133
2027-02-02,247,247,247,247,247,2134
2027-02-03,302,302,302,302,302,2135
2027-02-04,258,258,258,258,258,2136
2027-02-05,234,234,234,234,234,2137
2027-02-06,282,282,282,282,282,2138
2027-02-07,307,307,307,307,307,2139
2027-02-08,329,329,329,329,329,2140
2027-02-09,245,245,245,245,245,2141
2027-02-10,285,285,285,285,285,2142
2027-02-11,255,255,255,255,255,2143
2027-02-12,292,292,292,292,292,2144
2027-02-13,315,315,315,315,315,2145
2027-02-14,266,266,266,266,266,2146
2027-02-15,266,266,266,266,266,2147
2027-02-16,367,367,367,367,367,2148
2027-02-17,310,310,310,310,310,2149
2027-02-18,321,321,321,321,321,2150
2027-02-19,359,359,359,359,359,2151
2027-02-20,353,353,353,353,353,2152
2027-02-21,365,365,365,365,365,2153
2027-02-22,242,242,242,242,242,2154
2027-02-23,351,351,351,351,351,2155
2027-02-24,299,299,299,299,299,2156
2027-02-25,278,278,278,278,278,2157
2027-02-26,240,240,240,240,240,2158
2027-02-27,282,282,282,282,282,2159
2027-02-28,296,296,296,296,296,2160
2027-03-01,330,330,330,330,330,2161
2027-03-02,271,271,271,271,271,2162
2027-03-03,336,336,336,336,336,2163
2027-03-04,317,317,317,317,317,2164
2027-03-05,212,212,212,212,212,2165
2027-03-06,231,231,231,231,231,2166
2027-03-07,295,295,295,295,295,2167
2027-03-08,263,263,263,263,263,2168
2027-03-09,244,244,244,244,244,2169
2027-03-10,257,257,257,257,257,2170
2027-03-11,282,282,282,282,282,2171
2027-03-12,243,243,243,243,243,2172
2027-03-13,270,270,270,270,270,2173
2027-03-14,299,299,299,299,299,2174
2027-03-15,334,334,334,334,334,2175
2027-03-16,286,286,286,286,286,2176
2027-03-17,221,221,221,221,221,2177
2027-03-18,209,209,209,209,209,2178
2027-03-19,212,212,212,212,212,2179
2027-03-20,249,249,249,249,249,2180
2027-03-21,206,206,206,206,206,2181
2027-03-22,285,285,285,285,285,2182
2027-03-23,270,270,270,270,270,2183
2027-03-24,232,232,232,232,232,2184
2027-03-25,246,246,246,246,246,2185
2027-03-26,288,288,288,288,288,2186
2027-03-27,271,271,271,271,271,2187
2027-03-28,235,235,235,235,235,2188
2027-03-29,241,241,241,241,241,2189
2027-03-30,270,270,270,270,270,2190
2027-03-31,227,227,227,227,227,2191
2027-04-01,329,329,329,329,329,2192
2027-04-02,232,232,232,232,232,2193
2027-04-03,257,257,257,257,257,2194
2027-04-04,186,186,186,186,186,2195
2027-04-05,172,172,172,172,172,2196
2027-04-06,227,227,227,227,227,2197
2027-04-07,291,291,291,291,291,2198
2027-04-08,324,324,324,324,324,2199
2027-04-09,260,260,260,260,260,2200
2027-04-10,264,264,264,264,264,2201
2027-04-11,185,185,185,185,185,2202
2027-04-12,236,236,236,236,236,2203
2027-04-13,310,310,310,310,310,2204
2027-04-14,276,276,276,276,276,2205
2027-04-15,241,241,241,241,241,2206
2027-04-16,232,232,232,232,232,2207
2027-04-17,250,250,250,250,250,2208
2027-04-18,238,238,238,238,238,2209
2027-04-19,309,309,309,309,309,2210
2027-04-20,336,336,336,336,336,2211
2027-04-21,390,390,390,390,390,2212
2027-04-22,413,413,413,413,413,2213
2027-04-23,256,256,256,256,256,2214
2027-04-24,342,342,342,342,342,2215
2027-04-25,325,325,325,325,325,2216
2027-04-26,369,369,369,369,369,2217
2027-04-27,276,276,276,276,276,2218
2027-04-28,298,298,298,298,298,2219
2027-04-29,307,307,307,307,307,2220
2027-04-30,255,255,255,255,255,2221
2027-05-01,291,291,291,291,291,2222
2027-05-02,283,283,283,283,283,2223
2027-05-03,325,325,325,325,325,2224
2027-05-04,335,335,335,335,335,2225
2027-05-05,299,299,299,299,299,2226
2027-05-06,323,323,323,323,323,2227
2027-05-07,305,305,305,305,305,2228
2027-05-08,237,237,237,237,237,2229
2027-05-09,315,315,315,315,315,2230
2027-05-10,283,283,283,283,283,2231
2027-05-11,297,297,297,297,297,2232
2027-05-12,306,306,306,306,306,2233
2027-05-13,320,320,320,320,320,2234
2027-05-14,358,358,358,358,358,2235
2027-05-15,326,326,326,326,326,2236
2027-05-16,370,370,370,370,370,2237
2027-05-17,318,318,318,318,318,2238
2027-05-18,322,322,322,322,322,2239
2027-05-19,255,255,255,255,255,2240
2027-05-20,270,270,270,270,270,2241
2027-05-21,307,307,307,307,307,2242
2027-05-22,323,323,323,323,323,2243
2027-05-23,293,293,293,293,293,2244
2027-05-24,311,311,311,311,311,2245
2027-05-25,278,278,278,278,278,2246
2027-05-26,262,262,262,262,262,2247
2027-05-27,336,336,336,336,336,2248
2027-05-28,336,336,336,336,336,2249
2027-05-29,261,261,261,261,261,2250
2027-05-30,267,267,267,267,267,2251
2027-05-31,298,298,298,298,298,2252
2027-06-01,280,280,280,280,280,2253
2027-06-02,277,277,277,277,277,2254
2027-06-03,290,290,290,290,290,2255
2027-06-04,232,232,232,232,232,2256
2027-06-05,313,313,313,313,313,2257
2027-06-06,295,295,295,295,295,2258
2027-06-07,288,288,288,288,288,2259
2027-06-08,360,360,360,360,360,2260
2027-06-09,297,297,297,297,297,2261
2027-06-10,246,246,246,246,246,2262
2027-06-11,307,307,307,307,307,2263
2027-06-12,243,243,243,243,243,2264
2027-06-13,252,252,252,252,252,2265
2027-06-14,276,276,276,276,276,2266
2027-06-15,232,232,232,232,232,2267
2027-06-16,240,240,240,240,240,2268
2027-06-17,265,265,265,265,265,2269
2027-06-18,252,252,252,252,252,2270
2027-06-19,262,262,262,262,262,2271
2027-06-20,297,297,297,297,297,2272
2027-06-21,283,283,283,283,283,2273
2027-06-22,205,205,205,205,205,2274
2027-06-23,235,235,235,235,235,2275
2027-06-24,259,259,259,259,259,2276
2027-06-25,217,217,217,217,217,2277
2027-06-26,244,244,244,244,244,2278
2027-06-27,223,223,223,223,223,2279
2027-06-28,220,220,220,220,220,2280
2027-06-29,204,204,204,204,204,2281
2027-06-30,250,250,250,250,250,2282
2027-07-01,217,217,217,217,217,2283
2027-07-02,270,270,270,270,270,2284
2027-07-03,272,272,272,272,272,2285
2027-07-04,202,202,202,202,202,2286
2027-07-05,215,215,215,215,215,2287
2027-07-06,221,221,221,221,221,2288
2027-07-07,220,220,220,220,220,2289
2027-07-08,208,208,208,208,208,2290
2027-07-09,219,219,219,219,219,2291
2027-07-10,176,176,176,176,176,2292
2027-07-11,203,203,203,203,203,2293
2027-07-12,199,199,199,199,199,2294
2027-07-13,179,179,179,179,179,2295
2027-07-14,202,202,202,202,202,2296
2027-07-15,221,221,221,221,221,2297
2027-07-16,164,164,164,164,164,2298
2027-07-17,117,117,117,117,117,2299
2027-07-18,198,198,198,198,198,2300
2027-07-19,198,198,198,198,198,2301
2027-07-20,187,187,187,187,187,2302
2027-07-21,194,194,194,194,194,2303
2027-07-22,152,152,152,152,152,2304
2027-07-23,154,154,154,154,154,2305
2027-07-24,159,159,159,159,159,2306
2027-07-25,137,137,137,137,137,2307
2027-07-26,195,195,195,195,195,2308
2027-07-27,151,151,151,151,151,2309
2027-07-28,122,122,122,122,122,2310
2027-07-29,164,164,164,164,164,2311
2027-07-30,176,176,176,176,176,2312
2027-07-31,162,162,162,162,162,2313
2027-08-01,154,154,154,154,154,2314
2027-08-02,147,147,147,147,147,2315
2027-08-03,99,99,99,99,99,2316
2027-08-04,121,121,121,121,121,2317
2027-08-05,135,135,135,135,135,2318
2027-08-06,138,138,138,138,138,2319
2027-08-07,171,171,171,171,171,2320
2027-08-08,146,146,146,146,146,2321
2027-08-09,101,101,101,101,101,2322
2027-08-10,144,144,144,144,144,2323
2027-08-11,168,168,168,168,168,2324
2027-08-12,129,129,129,129,129,2325
2027-08-13,132,132,132,132,132,2326
2027-08-14,129,129,129,129,129,2327
2027-08-15,96,96,96,96,96,2328
2027-08-16,114,114,114,114,114,2329
2027-08-17,225,225,225,225,225,2330
2027-08-18,215,215,215,215,215,2331
2027-08-19,248,248,248,248,248,2332
2027-08-20,194,194,194,194,194,2333
2027-08-21,88,88,88,88,88,2334
2027-08-22,103,103,103,103,103,2335
2027-08-23,118,118,118,118,118,2336
2027-08-24,101,101,101,101,101,2337
2027-08-25,94,94,94,94,94,2338
2027-08-26,90,90,90,90,90,2339
2027-08-27,63,63,63,63,63,2340
2027-08-28,105,105,105,105,105,2341
2027-08-29,130,130,130,130,130,2342
2027-08-30,126,126,126,126,126,2343
2027-08-31,122,122,122,122,122,2344
2027-09-01,128,128,128,128,128,2345
2027-09-02,106,106,106,106,106,2346
2027-09-03,131,131,131,131,131,2347
2027-09-04,145,145,145,145,145,2348
2027-09-05,125,125,125,125,125,2349
2027-09-06,127,127,127,127,127,2350
2027-09-07,113,113,113,113,113,2351
2027-09-08,92,92,92,92,92,2352
2027-09-09,87,87,87,87,87,2353
2027-09-10,110,110,110,110,110,2354
2027-09-11,111,111,111,111,111,2355
2027-09-12,120,120,120,120,120,2356
2027-09-13,133,133,133,133,133,2357
2027-09-14,103,103,103,103,103,2358
2027-09-15,132,132,132,132,132,2359
2027-09-16,138,138,138,138,138,2360
2027-09-17,130,130,130,130,130,2361
2027-09-18,134,134,134,134,134,2362
2027-09-19,136,136,136,136,136,2363
2027-09-20,102,102,102,102,102,2364
2027-09-21,117,117,117,117,117,2365
2027-09-22,133,133,133,133,133,2366
2027-09-23,118,118,118,118,118,2367
2027-09-24,142,142,142,142,142,2368
2027-09-25,125,125,125,125,125,2369
2027-09-26,107,107,107,107,107,2370
2027-09-27,118,118,118,118,118,2371
2027-09-28,137,137,137,137,137,2372
2027-09-29,144,144,144,144,144,2373
2027-09-30,147,147,147,147,147,2374
2027-10-01,147,147,147,147,147,2375
2027-10-02,133,133,133,133,133,2376
2027-10-03,141,141,141,141,141,2377
2027-10-04,153,153,153,153,153,2378
2027-10-05,179,179,179,179,179,2379
2027-10-06,191,191,191,191,191,2380
2027-10-07,163,163,163,163,163,2381
2027-10-08,177,177,177,177,177,2382
2027-10-09,210,210,210,210,210,2383
2027-10-10,185,185,185,185,185,2384
2027-10-11,174,174,174,174,174,2385
2027-10-12,175,175,175,175,175,2386
2027-10-13,190,190,190,190,190,2387
2027-10-14,214,214,214,214,214,2388
2027-10-15,176,176,176,176,176,2389
2027-10-16,195,195,195,195,195,2390
2027-10-17,218,218,218,218,218,2391
2027-10-18,235,235,235,235,235,2392
2027-10-19,197,197,197,197,197,2393
2027-10-20,148,148,148,148,148,2394
2027-10-21,189,189,189,189,189,2395
2027-10-22,188,188,188,188,188,2396
2027-10-23,143,143,143,143,143,2397
2027-10-24,165,165,165,165,165,2398
2027-10-25,186,186,186,186,186,2399
2027-10-26,200,200,200,200,200,2400
2027-10-27,154,154,154,154,154,2401
2027-10-28,184,184,184,184,184,2402
2027-10-29,205,205,205,205,205,2403
2027-10-30,235,235,235,235,235,2404
2027-10-31,223,223,223,223,223,2405
2027-11-01,176,176,176,176,176,2406
2027-11-02,241,241,241,241,241,2407
2027-11-03,258,258,258,258,258,2408
2027-11-04,220,220,220,220,220,2409
2027-11-05,263,263,263,263,263,2410
2027-11-06,216,216,216,216,216,2411
2027-11-07,271,271,271,271,271,2412
2027-11-08,191,191,191,191,191,2413
2027-11-09,248,248,248,248,248,2414
2027-11-10,200,200,200,200,200,2415
2027-11-11,236,236,236,236,236,2416
2027-11-12,247,247,247,247,247,2417
2027-11-13,195,195,195,195,195,2418
2027-11-14,263,263,263,263,263,2419
2027-11-15,244,244,244,244,244,2420
2027-11-16,201,201,201,201,201,2421
2027-11-17,255,255,255,255,255,2422
2027-11-18,291,291,291,291,291,2423
2027-11-19,272,272,272,272,272,2424
2027-11-20,249,249,249,249,249,2425
2027-11-21,280,280,280,280,280,2426
2027-11-22,301,301,301,301,301,2427
2027-11-23,288,288,288,288,288,2428
2027-11-24,283,283,283,283,283,2429
2027-11-25,276,276,276,276,276,2430
2027-11-26,236,236,236,236,236,2431
2027-11-27,291,291,291,291,291,2432
2027-11-28,391,391,391,391,391,2433