2021/04/01 - 00:00;187
2021/04/01 - 00:05;156
2021/04/01 - 00:10;166
2021/04/01 - 00:15;162
2021/04/01 - 00:20;163
2021/04/01 - 00:25;144
2021/04/01 - 00:30;151
2021/04/01 - 00:35;126
2021/04/01 - 00:40;137
2021/04/01 - 00:45;157
2021/04/01 - 00:50;125
2021/04/01 - 00:55;162
2021/04/01 - 01:00;122
2021/04/01 - 01:05;127
2021/04/01 - 01:10;146
2021/04/01 - 01:15;139
2021/04/01 - 01:20;99
2021/04/01 - 01:25;115
2021/04/01 - 01:30;123
2021/04/01 - 01:35;117
2021/04/01 - 01:40;93
2021/04/01 - 01:45;104
2021/04/01 - 01:50;105
2021/04/01 - 01:55;134
2021/04/01 - 02:00;120
2021/04/01 - 02:05;116
2021/04/01 - 02:10;116
2021/04/01 - 02:15;127
2021/04/01 - 02:20;96
2021/04/01 - 02:25;126
2021/04/01 - 02:30;114
2021/04/01 - 02:35;93
2021/04/01 - 02:40;93
2021/04/01 - 02:45;89
2021/04/01 - 02:50;94
2021/04/01 - 02:55;136
2021/04/01 - 03:00;105
2021/04/01 - 03:05;89
2021/04/01 - 03:10;99
2021/04/01 - 03:15;116
2021/04/01 - 03:20;77
2021/04/01 - 03:25;82
2021/04/01 - 03:30;97
2021/04/01 - 03:35;78
2021/04/01 - 03:40;94
2021/04/01 - 03:45;96
2021/04/01 - 03:50;92
2021/04/01 - 03:55;137
2021/04/01 - 04:00;97
2021/04/01 - 04:05;87
2021/04/01 - 04:10;112
2021/04/01 - 04:15;101
2021/04/01 - 04:20;96
2021/04/01 - 04:25;96
2021/04/01 - 04:30;107
2021/04/01 - 04:35;98
2021/04/01 - 04:40;94
2021/04/01 - 04:45;98
2021/04/01 - 04:50;80
2021/04/01 - 04:55;102
2021/04/01 - 05:00;122
2021/04/01 - 05:05;93
2021/04/01 - 05:10;119
2021/04/01 - 05:15;138
2021/04/01 - 05:20;92
2021/04/01 - 05:25;111
2021/04/01 - 05:30;118
2021/04/01 - 05:35;102
2021/04/01 - 05:40;87
2021/04/01 - 05:45;113
2021/04/01 - 05:50;109
2021/04/01 - 05:55;142
2021/04/01 - 06:00;124
2021/04/01 - 06:05;126
2021/04/01 - 06:10;144
2021/04/01 - 06:15;126
2021/04/01 - 06:20;139
2021/04/01 - 06:25;129
2021/04/01 - 06:30;109
2021/04/01 - 06:35;130
2021/04/01 - 06:40;103
2021/04/01 - 06:45;125
2021/04/01 - 06:50;139
2021/04/01 - 06:55;145
2021/04/01 - 07:00;176
2021/04/01 - 07:05;138
2021/04/01 - 07:10;175
2021/04/01 - 07:15;142
2021/04/01 - 07:20;150
2021/04/01 - 07:25;143
2021/04/01 - 07:30;153
2021/04/01 - 07:35;133
2021/04/01 - 07:40;112
2021/04/01 - 07:45;144
2021/04/01 - 07:50;160
2021/04/01 - 07:55;200
2021/04/01 - 08:00;200
2021/04/01 - 08:05;157
2021/04/01 - 08:10;219
2021/04/01 - 08:15;206
2021/04/01 - 08:20;178
2021/04/01 - 08:25;209
2021/04/01 - 08:30;172
2021/04/01 - 08:35;154
2021/04/01 - 08:40;190
2021/04/01 - 08:45;201
2021/04/01 - 08:50;181
2021/04/01 - 08:55;210
2021/04/01 - 09:00;197
2021/04/01 - 09:05;234
2021/04/01 - 09:10;230
2021/04/01 - 09:15;192
2021/04/01 - 09:20;176
2021/04/01 - 09:25;195
2021/04/01 - 09:30;238
2021/04/01 - 09:35;172
2021/04/01 - 09:40;178
2021/04/01 - 09:45;190
2021/04/01 - 09:50;188
2021/04/01 - 09:55;243
2021/04/01 - 10:00;220
2021/04/01 - 10:05;303
2021/04/01 - 10:10;229
2021/04/01 - 10:15;246
2021/04/01 - 10:20;220
2021/04/01 - 10:25;256
2021/04/01 - 10:30;260
2021/04/01 - 10:35;234
2021/04/01 - 10:40;248
2021/04/01 - 10:45;202
2021/04/01 - 10:50;244
2021/04/01 - 10:55;279
2021/04/01 - 11:00;264
2021/04/01 - 11:05;290
2021/04/01 - 11:10;277
2021/04/01 - 11:15;289
2021/04/01 - 11:20;276
2021/04/01 - 11:25;273
2021/04/01 - 11:30;276
2021/04/01 - 11:35;247
2021/04/01 - 11:40;233
2021/04/01 - 11:45;204
2021/04/01 - 11:50;283
2021/04/01 - 11:55;215
2021/04/01 - 12:00;258
2021/04/01 - 12:05;260
2021/04/01 - 12:10;214
2021/04/01 - 12:15;270
2021/04/01 - 12:20;215
2021/04/01 - 12:25;270
2021/04/01 - 12:30;299
2021/04/01 - 12:35;255
2021/04/01 - 12:40;282
2021/04/01 - 12:45;276
2021/04/01 - 12:50;228
2021/04/01 - 12:55;237
2021/04/01 - 13:00;279
2021/04/01 - 13:05;315
2021/04/01 - 13:10;220
2021/04/01 - 13:15;265
2021/04/01 - 13:20;251
2021/04/01 - 13:25;252
2021/04/01 - 13:30;285
2021/04/01 - 13:35;225
2021/04/01 - 13:40;224
2021/04/01 - 13:45;205
2021/04/01 - 13:50;224
2021/04/01 - 13:55;221
2021/04/01 - 14:00;319
2021/04/01 - 14:05;249
2021/04/01 - 14:10;271
2021/04/01 - 14:15;257
2021/04/01 - 14:20;251
2021/04/01 - 14:25;280
2021/04/01 - 14:30;265
2021/04/01 - 14:35;238
2021/04/01 - 14:40;264
2021/04/01 - 14:45;233
2021/04/01 - 14:50;277
2021/04/01 - 14:55;258
2021/04/01 - 15:00;284
2021/04/01 - 15:05;234
2021/04/01 - 15:10;226
2021/04/01 - 15:15;288
2021/04/01 - 15:20;208
2021/04/01 - 15:25;206
2021/04/01 - 15:30;280
2021/04/01 - 15:35;290
2021/04/01 - 15:40;281
2021/04/01 - 15:45;295
2021/04/01 - 15:50;194
2021/04/01 - 15:55;270
2021/04/01 - 16:00;256
2021/04/01 - 16:05;225
2021/04/01 - 16:10;278
2021/04/01 - 16:15;260
2021/04/01 - 16:20;230
2021/04/01 - 16:25;243
2021/04/01 - 16:30;277
2021/04/01 - 16:35;336
2021/04/01 - 16:40;324
2021/04/01 - 16:45;305
2021/04/01 - 16:50;270
2021/04/01 - 16:55;276
2021/04/01 - 17:00;230
2021/04/01 - 17:05;294
2021/04/01 - 17:10;256
2021/04/01 - 17:15;253
2021/04/01 - 17:20;304
2021/04/01 - 17:25;307
2021/04/01 - 17:30;293
2021/04/01 - 17:35;265
2021/04/01 - 17:40;231
2021/04/01 - 17:45;326
2021/04/01 - 17:50;258
2021/04/01 - 17:55;250
2021/04/01 - 18:00;275
2021/04/01 - 18:05;324
2021/04/01 - 18:10;273
2021/04/01 - 18:15;318
2021/04/01 - 18:20;268
2021/04/01 - 18:25;316
2021/04/01 - 18:30;289
2021/04/01 - 18:35;294
2021/04/01 - 18:40;240
2021/04/01 - 18:45;247
2021/04/01 - 18:50;273
2021/04/01 - 18:55;273
2021/04/01 - 19:00;277
2021/04/01 - 19:05;285
2021/04/01 - 19:10;256
2021/04/01 - 19:15;266
2021/04/01 - 19:20;280
2021/04/01 - 19:25;294
2021/04/01 - 19:30;272
2021/04/01 - 19:35;262
2021/04/01 - 19:40;230
2021/04/01 - 19:45;276
2021/04/01 - 19:50;249
2021/04/01 - 19:55;251
2021/04/01 - 20:00;302
2021/04/01 - 20:05;293
2021/04/01 - 20:10;286
2021/04/01 - 20:15;240
2021/04/01 - 20:20;242
2021/04/01 - 20:25;247
2021/04/01 - 20:30;266
2021/04/01 - 20:35;277
2021/04/01 - 20:40;237
2021/04/01 - 20:45;249
2021/04/01 - 20:50;236
2021/04/01 - 20:55;245
2021/04/01 - 21:00;225
2021/04/01 - 21:05;241
2021/04/01 - 21:10;242
2021/04/01 - 21:15;300
2021/04/01 - 21:20;219
2021/04/01 - 21:25;217
2021/04/01 - 21:30;280
2021/04/01 - 21:35;290
2021/04/01 - 21:40;243
2021/04/01 - 21:45;278
2021/04/01 - 21:50;190
2021/04/01 - 21:55;241
2021/04/01 - 22:00;219
2021/04/01 - 22:05;216
2021/04/01 - 22:10;209
2021/04/01 - 22:15;226
2021/04/01 - 22:20;225
2021/04/01 - 22:25;232
2021/04/01 - 22:30;213
2021/04/01 - 22:35;211
2021/04/01 - 22:40;207
2021/04/01 - 22:45;216
2021/04/01 - 22:50;141
2021/04/01 - 22:55;188
2021/04/01 - 23:00;191
2021/04/01 - 23:05;183
2021/04/01 - 23:10;185
2021/04/01 - 23:15;178
2021/04/01 - 23:20;191
2021/04/01 - 23:25;182
2021/04/01 - 23:30;166
2021/04/01 - 23:35;145
2021/04/01 - 23:40;63
2021/04/01 - 23:45;50
2021/04/01 - 23:50;48
2021/04/01 - 23:55;58
2021/04/02 - 00:00;188
2021/04/02 - 00:05;160
2021/04/02 - 00:10;151
2021/04/02 - 00:15;161
2021/04/02 - 00:20;164
2021/04/02 - 00:25;119
2021/04/02 - 00:30;144
2021/04/02 - 00:35;147
2021/04/02 - 00:40;114
2021/04/02 - 00:45;140
2021/04/02 - 00:50;101
2021/04/02 - 00:55;117
2021/04/02 - 01:00;108
2021/04/02 - 01:05;121
2021/04/02 - 01:10;137
2021/04/02 - 01:15;108
2021/04/02 - 01:20;103
2021/04/02 - 01:25;117
2021/04/02 - 01:30;107
2021/04/02 - 01:35;133
2021/04/02 - 01:40;92
2021/04/02 - 01:45;154
2021/04/02 - 01:50;97
2021/04/02 - 01:55;106
2021/04/02 - 02:00;122
2021/04/02 - 02:05;155
2021/04/02 - 02:10;120
2021/04/02 - 02:15;98
2021/04/02 - 02:20;106
2021/04/02 - 02:25;139
2021/04/02 - 02:30;105
2021/04/02 - 02:35;120
2021/04/02 - 02:40;139
2021/04/02 - 02:45;195
2021/04/02 - 02:50;106
2021/04/02 - 02:55;94
2021/04/02 - 03:00;89
2021/04/02 - 03:05;111
2021/04/02 - 03:10;102
2021/04/02 - 03:15;79
2021/04/02 - 03:20;80
2021/04/02 - 03:25;106
2021/04/02 - 03:30;102
2021/04/02 - 03:35;109
2021/04/02 - 03:40;87
2021/04/02 - 03:45;119
2021/04/02 - 03:50;67
2021/04/02 - 03:55;97
2021/04/02 - 04:00;92
2021/04/02 - 04:05;89
2021/04/02 - 04:10;120
2021/04/02 - 04:15;91
2021/04/02 - 04:20;92
2021/04/02 - 04:25;108
2021/04/02 - 04:30;92
2021/04/02 - 04:35;102
2021/04/02 - 04:40;92
2021/04/02 - 04:45;108
2021/04/02 - 04:50;63
2021/04/02 - 04:55;69
2021/04/02 - 05:00;89
2021/04/02 - 05:05;99
2021/04/02 - 05:10;99
2021/04/02 - 05:15;120
2021/04/02 - 05:20;76
2021/04/02 - 05:25;140
2021/04/02 - 05:30;121
2021/04/02 - 05:35;119
2021/04/02 - 05:40;99
2021/04/02 - 05:45;136
2021/04/02 - 05:50;106
2021/04/02 - 05:55;91
2021/04/02 - 06:00;110
2021/04/02 - 06:05;111
2021/04/02 - 06:10;101
2021/04/02 - 06:15;124
2021/04/02 - 06:20;115
2021/04/02 - 06:25;126
2021/04/02 - 06:30;107
2021/04/02 - 06:35;116
2021/04/02 - 06:40;119
2021/04/02 - 06:45;127
2021/04/02 - 06:50;117
2021/04/02 - 06:55;114
2021/04/02 - 07:00;120
2021/04/02 - 07:05;146
2021/04/02 - 07:10;155
2021/04/02 - 07:15;155
2021/04/02 - 07:20;156
2021/04/02 - 07:25;150
2021/04/02 - 07:30;166
2021/04/02 - 07:35;140
2021/04/02 - 07:40;131
2021/04/02 - 07:45;172
2021/04/02 - 07:50;143
2021/04/02 - 07:55;133
2021/04/02 - 08:00;116
2021/04/02 - 08:05;149
2021/04/02 - 08:10;145
2021/04/02 - 08:15;144
2021/04/02 - 08:20;134
2021/04/02 - 08:25;170
2021/04/02 - 08:30;171
2021/04/02 - 08:35;180
2021/04/02 - 08:40;157
2021/04/02 - 08:45;172
2021/04/02 - 08:50;152
2021/04/02 - 08:55;160
2021/04/02 - 09:00;208
2021/04/02 - 09:05;181
2021/04/02 - 09:10;209
2021/04/02 - 09:15;213
2021/04/02 - 09:20;198
2021/04/02 - 09:25;242
2021/04/02 - 09:30;200
2021/04/02 - 09:35;204
2021/04/02 - 09:40;215
2021/04/02 - 09:45;203
2021/04/02 - 09:50;229
2021/04/02 - 09:55;190
2021/04/02 - 10:00;231
2021/04/02 - 10:05;232
2021/04/02 - 10:10;225
2021/04/02 - 10:15;233
2021/04/02 - 10:20;253
2021/04/02 - 10:25;257
2021/04/02 - 10:30;205
2021/04/02 - 10:35;262
2021/04/02 - 10:40;208
2021/04/02 - 10:45;205
2021/04/02 - 10:50;192
2021/04/02 - 10:55;203
2021/04/02 - 11:00;172
2021/04/02 - 11:05;236
2021/04/02 - 11:10;222
2021/04/02 - 11:15;227
2021/04/02 - 11:20;184
2021/04/02 - 11:25;240
2021/04/02 - 11:30;244
2021/04/02 - 11:35;240
2021/04/02 - 11:40;212
2021/04/02 - 11:45;238
2021/04/02 - 11:50;235
2021/04/02 - 11:55;233
2021/04/02 - 12:00;205
2021/04/02 - 12:05;210
2021/04/02 - 12:10;224
2021/04/02 - 12:15;214
2021/04/02 - 12:20;234
2021/04/02 - 12:25;216
2021/04/02 - 12:30;282
2021/04/02 - 12:35;303
2021/04/02 - 12:40;255
2021/04/02 - 12:45;222
2021/04/02 - 12:50;263
2021/04/02 - 12:55;237
2021/04/02 - 13:00;316
2021/04/02 - 13:05;268
2021/04/02 - 13:10;246
2021/04/02 - 13:15;209
2021/04/02 - 13:20;231
2021/04/02 - 13:25;269
2021/04/02 - 13:30;232
2021/04/02 - 13:35;238
2021/04/02 - 13:40;283
2021/04/02 - 13:45;244
2021/04/02 - 13:50;251
2021/04/02 - 13:55;257
2021/04/02 - 14:00;249
2021/04/02 - 14:05;224
2021/04/02 - 14:10;293
2021/04/02 - 14:15;235
2021/04/02 - 14:20;221
2021/04/02 - 14:25;236
2021/04/02 - 14:30;277
2021/04/02 - 14:35;234
2021/04/02 - 14:40;221
2021/04/02 - 14:45;237
2021/04/02 - 14:50;238
2021/04/02 - 14:55;213
2021/04/02 - 15:00;238
2021/04/02 - 15:05;241
2021/04/02 - 15:10;212
2021/04/02 - 15:15;196
2021/04/02 - 15:20;222
2021/04/02 - 15:25;293
2021/04/02 - 15:30;222
2021/04/02 - 15:35;196
2021/04/02 - 15:40;254
2021/04/02 - 15:45;204
2021/04/02 - 15:50;194
2021/04/02 - 15:55;222
2021/04/02 - 16:00;202
2021/04/02 - 16:05;203
2021/04/02 - 16:10;222
2021/04/02 - 16:15;194
2021/04/02 - 16:20;210
2021/04/02 - 16:25;251
2021/04/02 - 16:30;242
2021/04/02 - 16:35;175
2021/04/02 - 16:40;246
2021/04/02 - 16:45;219
2021/04/02 - 16:50;192
2021/04/02 - 16:55;202
2021/04/02 - 17:00;211
2021/04/02 - 17:05;182
2021/04/02 - 17:10;216
2021/04/02 - 17:15;221
2021/04/02 - 17:20;205
2021/04/02 - 17:25;283
2021/04/02 - 17:30;203
2021/04/02 - 17:35;219
2021/04/02 - 17:40;228
2021/04/02 - 17:45;216
2021/04/02 - 17:50;254
2021/04/02 - 17:55;256
2021/04/02 - 18:00;267
2021/04/02 - 18:05;231
2021/04/02 - 18:10;172
2021/04/02 - 18:15;246
2021/04/02 - 18:20;216
2021/04/02 - 18:25;246
2021/04/02 - 18:30;188
2021/04/02 - 18:35;214
2021/04/02 - 18:40;239
2021/04/02 - 18:45;242
2021/04/02 - 18:50;258
2021/04/02 - 18:55;245
2021/04/02 - 19:00;240
2021/04/02 - 19:05;259
2021/04/02 - 19:10;216
2021/04/02 - 19:15;260
2021/04/02 - 19:20;279
2021/04/02 - 19:25;276
2021/04/02 - 19:30;158
2021/04/02 - 19:35;196
2021/04/02 - 19:40;216
2021/04/02 - 19:45;242
2021/04/02 - 19:50;244
2021/04/02 - 19:55;265
2021/04/02 - 20:00;210
2021/04/02 - 20:05;290
2021/04/02 - 20:10;243
2021/04/02 - 20:15;248
2021/04/02 - 20:20;262
2021/04/02 - 20:25;270
2021/04/02 - 20:30;223
2021/04/02 - 20:35;200
2021/04/02 - 20:40;233
2021/04/02 - 20:45;225
2021/04/02 - 20:50;221
2021/04/02 - 20:55;215
2021/04/02 - 21:00;200
2021/04/02 - 21:05;289
2021/04/02 - 21:10;245
2021/04/02 - 21:15;218
2021/04/02 - 21:20;228
2021/04/02 - 21:25;228
2021/04/02 - 21:30;204
2021/04/02 - 21:35;159
2021/04/02 - 21:40;207
2021/04/02 - 21:45;191
2021/04/02 - 21:50;198
2021/04/02 - 21:55;181
2021/04/02 - 22:00;192
2021/04/02 - 22:05;249
2021/04/02 - 22:10;184
2021/04/02 - 22:15;244
2021/04/02 - 22:20;190
2021/04/02 - 22:25;230
2021/04/02 - 22:30;188
2021/04/02 - 22:35;190
2021/04/02 - 22:40;161
2021/04/02 - 22:45;149
2021/04/02 - 22:50;60
2021/04/02 - 22:55;102
2021/04/02 - 23:00;92
2021/04/02 - 23:05;83
2021/04/02 - 23:10;103
2021/04/02 - 23:15;68
2021/04/02 - 23:20;79
2021/04/02 - 23:25;71
2021/04/02 - 23:30;77
2021/04/02 - 23:35;51
2021/04/02 - 23:40;47
2021/04/02 - 23:45;30
2021/04/03 - 00:00;199
2021/04/03 - 00:05;184
2021/04/03 - 00:10;130
2021/04/03 - 00:15;160
2021/04/03 - 00:20;150
2021/04/03 - 00:25;148
2021/04/03 - 00:30;146
2021/04/03 - 00:35;131
2021/04/03 - 00:40;129
2021/04/03 - 00:45;90
2021/04/03 - 00:50;120
2021/04/03 - 00:55;112
2021/04/03 - 01:00;135
2021/04/03 - 01:05;135
2021/04/03 - 01:10;99
2021/04/03 - 01:15;108
2021/04/03 - 01:20;104
2021/04/03 - 01:25;135
2021/04/03 - 01:30;112
2021/04/03 - 01:35;99
2021/04/03 - 01:40;102
2021/04/03 - 01:45;102
2021/04/03 - 01:50;132
2021/04/03 - 01:55;109
2021/04/03 - 02:00;159
2021/04/03 - 02:05;151
2021/04/03 - 02:10;116
2021/04/03 - 02:15;94
2021/04/03 - 02:20;139
2021/04/03 - 02:25;100
2021/04/03 - 02:30;112
2021/04/03 - 02:35;123
2021/04/03 - 02:40;95
2021/04/03 - 02:45;112
2021/04/03 - 02:50;109
2021/04/03 - 02:55;118
2021/04/03 - 03:00;124
2021/04/03 - 03:05;99
2021/04/03 - 03:10;131
2021/04/03 - 03:15;84
2021/04/03 - 03:20;112
2021/04/03 - 03:25;107
2021/04/03 - 03:30;93
2021/04/03 - 03:35;94
2021/04/03 - 03:40;84
2021/04/03 - 03:45;82
2021/04/03 - 03:50;113
2021/04/03 - 03:55;80
2021/04/03 - 04:00;119
2021/04/03 - 04:05;102
2021/04/03 - 04:10;106
2021/04/03 - 04:15;94
2021/04/03 - 04:20;91
2021/04/03 - 04:25;112
2021/04/03 - 04:30;85
2021/04/03 - 04:35;94
2021/04/03 - 04:40;89
2021/04/03 - 04:45;87
2021/04/03 - 04:50;122
2021/04/03 - 04:55;97
2021/04/03 - 05:00;118
2021/04/03 - 05:05;100
2021/04/03 - 05:10;100
2021/04/03 - 05:15;98
2021/04/03 - 05:20;109
2021/04/03 - 05:25;112
2021/04/03 - 05:30;89
2021/04/03 - 05:35;113
2021/04/03 - 05:40;84
2021/04/03 - 05:45;79
2021/04/03 - 05:50;112
2021/04/03 - 05:55;101
2021/04/03 - 06:00;115
2021/04/03 - 06:05;109
2021/04/03 - 06:10;119
2021/04/03 - 06:15;98
2021/04/03 - 06:20;128
2021/04/03 - 06:25;136
2021/04/03 - 06:30;106
2021/04/03 - 06:35;130
2021/04/03 - 06:40;92
2021/04/03 - 06:45;74
2021/04/03 - 06:50;132
2021/04/03 - 06:55;109
2021/04/03 - 07:00;134
2021/04/03 - 07:05;140
2021/04/03 - 07:10;144
2021/04/03 - 07:15;123
2021/04/03 - 07:20;92
2021/04/03 - 07:25;119
2021/04/03 - 07:30;139
2021/04/03 - 07:35;120
2021/04/03 - 07:40;117
2021/04/03 - 07:45;94
2021/04/03 - 07:50;122
2021/04/03 - 07:55;116
2021/04/03 - 08:00;154
2021/04/03 - 08:05;171
2021/04/03 - 08:10;155
2021/04/03 - 08:15;174
2021/04/03 - 08:20;151
2021/04/03 - 08:25;191
2021/04/03 - 08:30;168
2021/04/03 - 08:35;127
2021/04/03 - 08:40;158
2021/04/03 - 08:45;115
2021/04/03 - 08:50;193
2021/04/03 - 08:55;180
2021/04/03 - 09:00;213
2021/04/03 - 09:05;199
2021/04/03 - 09:10;171
2021/04/03 - 09:15;192
2021/04/03 - 09:20;180
2021/04/03 - 09:25;192
2021/04/03 - 09:30;173
2021/04/03 - 09:35;152
2021/04/03 - 09:40;218
2021/04/03 - 09:45;134
2021/04/03 - 09:50;192
2021/04/03 - 09:55;227
2021/04/03 - 10:00;217
2021/04/03 - 10:05;265
2021/04/03 - 10:10;248
2021/04/03 - 10:15;208
2021/04/03 - 10:20;220
2021/04/03 - 10:25;265
2021/04/03 - 10:30;245
2021/04/03 - 10:35;263
2021/04/03 - 10:40;255
2021/04/03 - 10:45;226
2021/04/03 - 10:50;271
2021/04/03 - 10:55;219
2021/04/03 - 11:00;203
2021/04/03 - 11:05;209
2021/04/03 - 11:10;254
2021/04/03 - 11:15;256
2021/04/03 - 11:20;232
2021/04/03 - 11:25;240
2021/04/03 - 11:30;291
2021/04/03 - 11:35;226
2021/04/03 - 11:40;247
2021/04/03 - 11:45;225
2021/04/03 - 11:50;227
2021/04/03 - 11:55;261
2021/04/03 - 12:00;244
2021/04/03 - 12:05;296
2021/04/03 - 12:10;293
2021/04/03 - 12:15;210
2021/04/03 - 12:20;169
2021/04/03 - 12:25;214
2021/04/03 - 12:30;191
2021/04/03 - 12:35;221
2021/04/03 - 12:40;215
2021/04/03 - 12:45;247
2021/04/03 - 12:50;220
2021/04/03 - 12:55;236
2021/04/03 - 13:00;235
2021/04/03 - 13:05;244
2021/04/03 - 13:10;229
2021/04/03 - 13:15;234
2021/04/03 - 13:20;223
2021/04/03 - 13:25;294
2021/04/03 - 13:30;245
2021/04/03 - 13:35;200
2021/04/03 - 13:40;206
2021/04/03 - 13:45;218
2021/04/03 - 13:50;228
2021/04/03 - 13:55;225
2021/04/03 - 14:00;238
2021/04/03 - 14:05;213
2021/04/03 - 14:10;204
2021/04/03 - 14:15;213
2021/04/03 - 14:20;219
2021/04/03 - 14:25;258
2021/04/03 - 14:30;248
2021/04/03 - 14:35;223
2021/04/03 - 14:40;181
2021/04/03 - 14:45;216
2021/04/03 - 14:50;192
2021/04/03 - 14:55;164
2021/04/03 - 15:00;187
2021/04/03 - 15:05;234
2021/04/03 - 15:10;237
2021/04/03 - 15:15;175
2021/04/03 - 15:20;219
2021/04/03 - 15:25;244
2021/04/03 - 15:30;232
2021/04/03 - 15:35;212
2021/04/03 - 15:40;247
2021/04/03 - 15:45;184
2021/04/03 - 15:50;185
2021/04/03 - 15:55;207
2021/04/03 - 16:00;220
2021/04/03 - 16:05;250
2021/04/03 - 16:10;226
2021/04/03 - 16:15;242
2021/04/03 - 16:20;236
2021/04/03 - 16:25;269
2021/04/03 - 16:30;216
2021/04/03 - 16:35;223
2021/04/03 - 16:40;261
2021/04/03 - 16:45;260
2021/04/03 - 16:50;167
2021/04/03 - 16:55;240
2021/04/03 - 17:00;199
2021/04/03 - 17:05;266
2021/04/03 - 17:10;187
2021/04/03 - 17:15;200
2021/04/03 - 17:20;177
2021/04/03 - 17:25;202
2021/04/03 - 17:30;254
2021/04/03 - 17:35;273
2021/04/03 - 17:40;239
2021/04/03 - 17:45;259
2021/04/03 - 17:50;225
2021/04/03 - 17:55;255
2021/04/03 - 18:00;244
2021/04/03 - 18:05;266
2021/04/03 - 18:10;225
2021/04/03 - 18:15;297
2021/04/03 - 18:20;216
2021/04/03 - 18:25;225
2021/04/03 - 18:30;213
2021/04/03 - 18:35;316
2021/04/03 - 18:40;236
2021/04/03 - 18:45;268
2021/04/03 - 18:50;236
2021/04/03 - 18:55;252
2021/04/03 - 19:00;244
2021/04/03 - 19:05;274
2021/04/03 - 19:10;253
2021/04/03 - 19:15;218
2021/04/03 - 19:20;271
2021/04/03 - 19:25;248
2021/04/03 - 19:30;300
2021/04/03 - 19:35;257
2021/04/03 - 19:40;250
2021/04/03 - 19:45;267
2021/04/03 - 19:50;232
2021/04/03 - 19:55;253
2021/04/03 - 20:00;216
2021/04/03 - 20:05;199
2021/04/03 - 20:10;207
2021/04/03 - 20:15;213
2021/04/03 - 20:20;251
2021/04/03 - 20:25;271
2021/04/03 - 20:30;319
2021/04/03 - 20:35;314
2021/04/03 - 20:40;256
2021/04/03 - 20:45;212
2021/04/03 - 20:50;213
2021/04/03 - 20:55;250
2021/04/03 - 21:00;216
2021/04/03 - 21:05;213
2021/04/03 - 21:10;210
2021/04/03 - 21:15;222
2021/04/03 - 21:20;192
2021/04/03 - 21:25;246
2021/04/03 - 21:30;197
2021/04/03 - 21:35;206
2021/04/03 - 21:40;221
2021/04/03 - 21:45;220
2021/04/03 - 21:50;222
2021/04/03 - 21:55;286
2021/04/03 - 22:00;232
2021/04/03 - 22:05;220
2021/04/03 - 22:10;202
2021/04/03 - 22:15;225
2021/04/03 - 22:20;199
2021/04/03 - 22:25;180
2021/04/03 - 22:30;180
2021/04/03 - 22:35;189
2021/04/03 - 22:40;155
2021/04/03 - 22:45;196
2021/04/03 - 22:50;167
2021/04/03 - 22:55;191
2021/04/03 - 23:00;195
2021/04/03 - 23:05;191
2021/04/03 - 23:10;159
2021/04/03 - 23:15;205
2021/04/03 - 23:20;212
2021/04/03 - 23:25;195
2021/04/03 - 23:30;144
2021/04/03 - 23:35;103
2021/04/03 - 23:40;91
2021/04/03 - 23:45;92
2021/04/03 - 23:50;99
2021/04/03 - 23:55;84
2021/04/04 - 00:00;161
2021/04/04 - 00:05;141
2021/04/04 - 00:10;145
2021/04/04 - 00:15;175
2021/04/04 - 00:20;162
2021/04/04 - 00:25;183
2021/04/04 - 00:30;167
2021/04/04 - 00:35;153
2021/04/04 - 00:40;136
2021/04/04 - 00:45;165
2021/04/04 - 00:50;131
2021/04/04 - 00:55;130
2021/04/04 - 01:00;104
2021/04/04 - 01:05;130
2021/04/04 - 01:10;127
2021/04/04 - 01:15;145
2021/04/04 - 01:20;135
2021/04/04 - 01:25;114
2021/04/04 - 01:30;127
2021/04/04 - 01:35;90
2021/04/04 - 01:40;97
2021/04/04 - 01:45;134
2021/04/04 - 01:50;105
2021/04/04 - 01:55;122
2021/04/04 - 02:00;113
2021/04/04 - 02:05;103
2021/04/04 - 02:10;123
2021/04/04 - 02:15;134
2021/04/04 - 02:20;121
2021/04/04 - 02:25;126
2021/04/04 - 02:30;122
2021/04/04 - 02:35;86
2021/04/04 - 02:40;112
2021/04/04 - 02:45;135
2021/04/04 - 02:50;103
2021/04/04 - 02:55;82
2021/04/04 - 03:00;91
2021/04/04 - 03:05;96
2021/04/04 - 03:10;93
2021/04/04 - 03:15;100
2021/04/04 - 03:20;106
2021/04/04 - 03:25;93
2021/04/04 - 03:30;88
2021/04/04 - 03:35;82
2021/04/04 - 03:40;98
2021/04/04 - 03:45;128
2021/04/04 - 03:50;90
2021/04/04 - 03:55;75
2021/04/04 - 04:00;106
2021/04/04 - 04:05;83
2021/04/04 - 04:10;74
2021/04/04 - 04:15;106
2021/04/04 - 04:20;103
2021/04/04 - 04:25;77
2021/04/04 - 04:30;94
2021/04/04 - 04:35;67
2021/04/04 - 04:40;85
2021/04/04 - 04:45;90
2021/04/04 - 04:50;72
2021/04/04 - 04:55;78
2021/04/04 - 05:00;73
2021/04/04 - 05:05;90
2021/04/04 - 05:10;86
2021/04/04 - 05:15;106
2021/04/04 - 05:20;121
2021/04/04 - 05:25;96
2021/04/04 - 05:30;81
2021/04/04 - 05:35;78
2021/04/04 - 05:40;71
2021/04/04 - 05:45;93
2021/04/04 - 05:50;65
2021/04/04 - 05:55;102
2021/04/04 - 06:00;79
2021/04/04 - 06:05;101
2021/04/04 - 06:10;106
2021/04/04 - 06:15;120
2021/04/04 - 06:20;112
2021/04/04 - 06:25;87
2021/04/04 - 06:30;77
2021/04/04 - 06:35;81
2021/04/04 - 06:40;90
2021/04/04 - 06:45;105
2021/04/04 - 06:50;92
2021/04/04 - 06:55;94
2021/04/04 - 07:00;72
2021/04/04 - 07:05;112
2021/04/04 - 07:10;92
2021/04/04 - 07:15;141
2021/04/04 - 07:20;108
2021/04/04 - 07:25;94
2021/04/04 - 07:30;101
2021/04/04 - 07:35;80
2021/04/04 - 07:40;121
2021/04/04 - 07:45;104
2021/04/04 - 07:50;121
2021/04/04 - 07:55;97
2021/04/04 - 08:00;111
2021/04/04 - 08:05;139
2021/04/04 - 08:10;105
2021/04/04 - 08:15;184
2021/04/04 - 08:20;119
2021/04/04 - 08:25;140
2021/04/04 - 08:30;154
2021/04/04 - 08:35;141
2021/04/04 - 08:40;130
2021/04/04 - 08:45;141
2021/04/04 - 08:50;149
2021/04/04 - 08:55;143
2021/04/04 - 09:00;125
2021/04/04 - 09:05;169
2021/04/04 - 09:10;141
2021/04/04 - 09:15;195
2021/04/04 - 09:20;178
2021/04/04 - 09:25;144
2021/04/04 - 09:30;221
2021/04/04 - 09:35;141
2021/04/04 - 09:40;152
2021/04/04 - 09:45;164
2021/04/04 - 09:50;181
2021/04/04 - 09:55;146
2021/04/04 - 10:00;174
2021/04/04 - 10:05;178
2021/04/04 - 10:10;164
2021/04/04 - 10:15;184
2021/04/04 - 10:20;201
2021/04/04 - 10:25;224
2021/04/04 - 10:30;204
2021/04/04 - 10:35;225
2021/04/04 - 10:40;191
2021/04/04 - 10:45;200
2021/04/04 - 10:50;224
2021/04/04 - 10:55;244
2021/04/04 - 11:00;224
2021/04/04 - 11:05;270
2021/04/04 - 11:10;221
2021/04/04 - 11:15;237
2021/04/04 - 11:20;217
2021/04/04 - 11:25;248
2021/04/04 - 11:30;242
2021/04/04 - 11:35;293
2021/04/04 - 11:40;196
2021/04/04 - 11:45;234
2021/04/04 - 11:50;315
2021/04/04 - 11:55;259
2021/04/04 - 12:00;281
2021/04/04 - 12:05;262
2021/04/04 - 12:10;245
2021/04/04 - 12:15;257
2021/04/04 - 12:20;257
2021/04/04 - 12:25;270
2021/04/04 - 12:30;288
2021/04/04 - 12:35;247
2021/04/04 - 12:40;225
2021/04/04 - 12:45;233
2021/04/04 - 12:50;267
2021/04/04 - 12:55;222
2021/04/04 - 13:00;251
2021/04/04 - 13:05;242
2021/04/04 - 13:10;217
2021/04/04 - 13:15;242
2021/04/04 - 13:20;215
2021/04/04 - 13:25;214
2021/04/04 - 13:30;189
2021/04/04 - 13:35;191
2021/04/04 - 13:40;201
2021/04/04 - 13:45;188
2021/04/04 - 13:50;213
2021/04/04 - 13:55;216
2021/04/04 - 14:00;234
2021/04/04 - 14:05;254
2021/04/04 - 14:10;238
2021/04/04 - 14:15;221
2021/04/04 - 14:20;199
2021/04/04 - 14:25;240
2021/04/04 - 14:30;212
2021/04/04 - 14:35;260
2021/04/04 - 14:40;259
2021/04/04 - 14:45;247
2021/04/04 - 14:50;197
2021/04/04 - 14:55;190
2021/04/04 - 15:00;223
2021/04/04 - 15:05;241
2021/04/04 - 15:10;223
2021/04/04 - 15:15;231
2021/04/04 - 15:20;204
2021/04/04 - 15:25;210
2021/04/04 - 15:30;194
2021/04/04 - 15:35;195
2021/04/04 - 15:40;176
2021/04/04 - 15:45;231
2021/04/04 - 15:50;189
2021/04/04 - 15:55;213
2021/04/04 - 16:00;211
2021/04/04 - 16:05;243
2021/04/04 - 16:10;249
2021/04/04 - 16:15;212
2021/04/04 - 16:20;221
2021/04/04 - 16:25;213
2021/04/04 - 16:30;218
2021/04/04 - 16:35;228
2021/04/04 - 16:40;201
2021/04/04 - 16:45;238
2021/04/04 - 16:50;196
2021/04/04 - 16:55;165
2021/04/04 - 17:00;237
2021/04/04 - 17:05;261
2021/04/04 - 17:10;206
2021/04/04 - 17:15;236
2021/04/04 - 17:20;224
2021/04/04 - 17:25;209
2021/04/04 - 17:30;237
2021/04/04 - 17:35;287
2021/04/04 - 17:40;271
2021/04/04 - 17:45;266
2021/04/04 - 17:50;213
2021/04/04 - 17:55;202
2021/04/04 - 18:00;252
2021/04/04 - 18:05;258
2021/04/04 - 18:10;247
2021/04/04 - 18:15;278
2021/04/04 - 18:20;246
2021/04/04 - 18:25;213
2021/04/04 - 18:30;162
2021/04/04 - 18:35;199
2021/04/04 - 18:40;254
2021/04/04 - 18:45;243
2021/04/04 - 18:50;206
2021/04/04 - 18:55;183
2021/04/04 - 19:00;247
2021/04/04 - 19:05;240
2021/04/04 - 19:10;238
2021/04/04 - 19:15;245
2021/04/04 - 19:20;204
2021/04/04 - 19:25;173
2021/04/04 - 19:30;182
2021/04/04 - 19:35;235
2021/04/04 - 19:40;247
2021/04/04 - 19:45;246
2021/04/04 - 19:50;213
2021/04/04 - 19:55;197
2021/04/04 - 20:00;262
2021/04/04 - 20:05;262
2021/04/04 - 20:10;253
2021/04/04 - 20:15;250
2021/04/04 - 20:20;259
2021/04/04 - 20:25;210
2021/04/04 - 20:30;237
2021/04/04 - 20:35;247
2021/04/04 - 20:40;245
2021/04/04 - 20:45;243
2021/04/04 - 20:50;245
2021/04/04 - 20:55;211
2021/04/04 - 21:00;229
2021/04/04 - 21:05;246
2021/04/04 - 21:10;261
2021/04/04 - 21:15;257
2021/04/04 - 21:20;288
2021/04/04 - 21:25;200
2021/04/04 - 21:30;224
2021/04/04 - 21:35;222
2021/04/04 - 21:40;250
2021/04/04 - 21:45;235
2021/04/04 - 21:50;213
2021/04/04 - 21:55;214
2021/04/04 - 22:00;223
2021/04/04 - 22:05;256
2021/04/04 - 22:10;236
2021/04/04 - 22:15;254
2021/04/04 - 22:20;242
2021/04/04 - 22:25;198
2021/04/04 - 22:30;233
2021/04/04 - 22:35;256
2021/04/04 - 22:40;199
2021/04/04 - 22:45;174
2021/04/04 - 22:50;209
2021/04/04 - 22:55;176
2021/04/04 - 23:00;138
2021/04/04 - 23:05;94
2021/04/04 - 23:10;114
2021/04/04 - 23:15;122
2021/04/04 - 23:20;114
2021/04/04 - 23:25;55
2021/04/04 - 23:30;88
2021/04/04 - 23:35;64
2021/04/04 - 23:40;89
2021/04/04 - 23:45;105
2021/04/04 - 23:50;96
2021/04/04 - 23:55;71
2021/04/05 - 00:00;152
2021/04/05 - 00:05;122
2021/04/05 - 00:10;170
2021/04/05 - 00:15;177
2021/04/05 - 00:20;142
2021/04/05 - 00:25;125
2021/04/05 - 00:30;171
2021/04/05 - 00:35;151
2021/04/05 - 00:40;140
2021/04/05 - 00:45;127
2021/04/05 - 00:50;125
2021/04/05 - 00:55;123
2021/04/05 - 01:00;105
2021/04/05 - 01:05;101
2021/04/05 - 01:10;130
2021/04/05 - 01:15;162
2021/04/05 - 01:20;160
2021/04/05 - 01:25;108
2021/04/05 - 01:30;167
2021/04/05 - 01:35;134
2021/04/05 - 01:40;118
2021/04/05 - 01:45;107
2021/04/05 - 01:50;134
2021/04/05 - 01:55;94
2021/04/05 - 02:00;108
2021/04/05 - 02:05;84
2021/04/05 - 02:10;105
2021/04/05 - 02:15;125
2021/04/05 - 02:20;117
2021/04/05 - 02:25;85
2021/04/05 - 02:30;137
2021/04/05 - 02:35;82
2021/04/05 - 02:40;86
2021/04/05 - 02:45;91
2021/04/05 - 02:50;92
2021/04/05 - 02:55;97
2021/04/05 - 03:00;88
2021/04/05 - 03:05;83
2021/04/05 - 03:10;118
2021/04/05 - 03:15;110
2021/04/05 - 03:20;120
2021/04/05 - 03:25;73
2021/04/05 - 03:30;120
2021/04/05 - 03:35;73
2021/04/05 - 03:40;106
2021/04/05 - 03:45;102
2021/04/05 - 03:50;116
2021/04/05 - 03:55;76
2021/04/05 - 04:00;95
2021/04/05 - 04:05;83
2021/04/05 - 04:10;105
2021/04/05 - 04:15;108
2021/04/05 - 04:20;115
2021/04/05 - 04:25;71
2021/04/05 - 04:30;120
2021/04/05 - 04:35;72
2021/04/05 - 04:40;94
2021/04/05 - 04:45;88
2021/04/05 - 04:50;101
2021/04/05 - 04:55;79
2021/04/05 - 05:00;97
2021/04/05 - 05:05;84
2021/04/05 - 05:10;105
2021/04/05 - 05:15;110
2021/04/05 - 05:20;137
2021/04/05 - 05:25;71
2021/04/05 - 05:30;147
2021/04/05 - 05:35;79
2021/04/05 - 05:40;113
2021/04/05 - 05:45;98
2021/04/05 - 05:50;113
2021/04/05 - 05:55;93
2021/04/05 - 06:00;112
2021/04/05 - 06:05;114
2021/04/05 - 06:10;144
2021/04/05 - 06:15;166
2021/04/05 - 06:20;160
2021/04/05 - 06:25;112
2021/04/05 - 06:30;161
2021/04/05 - 06:35;147
2021/04/05 - 06:40;202
2021/04/05 - 06:45;165
2021/04/05 - 06:50;173
2021/04/05 - 06:55;161
2021/04/05 - 07:00;155
2021/04/05 - 07:05;175
2021/04/05 - 07:10;164
2021/04/05 - 07:15;157
2021/04/05 - 07:20;158
2021/04/05 - 07:25;126
2021/04/05 - 07:30;166
2021/04/05 - 07:35;173
2021/04/05 - 07:40;160
2021/04/05 - 07:45;178
2021/04/05 - 07:50;193
2021/04/05 - 07:55;150
2021/04/05 - 08:00;251
2021/04/05 - 08:05;192
2021/04/05 - 08:10;212
2021/04/05 - 08:15;208
2021/04/05 - 08:20;234
2021/04/05 - 08:25;236
2021/04/05 - 08:30;250
2021/04/05 - 08:35;235
2021/04/05 - 08:40;231
2021/04/05 - 08:45;210
2021/04/05 - 08:50;288
2021/04/05 - 08:55;283
2021/04/05 - 09:00;219
2021/04/05 - 09:05;185
2021/04/05 - 09:10;286
2021/04/05 - 09:15;290
2021/04/05 - 09:20;251
2021/04/05 - 09:25;231
2021/04/05 - 09:30;253
2021/04/05 - 09:35;230
2021/04/05 - 09:40;273
2021/04/05 - 09:45;221
2021/04/05 - 09:50;259
2021/04/05 - 09:55;307
2021/04/05 - 10:00;264
2021/04/05 - 10:05;211
2021/04/05 - 10:10;313
2021/04/05 - 10:15;251
2021/04/05 - 10:20;320
2021/04/05 - 10:25;293
2021/04/05 - 10:30;273
2021/04/05 - 10:35;255
2021/04/05 - 10:40;256
2021/04/05 - 10:45;186
2021/04/05 - 10:50;254
2021/04/05 - 10:55;240
2021/04/05 - 11:00;239
2021/04/05 - 11:05;272
2021/04/05 - 11:10;327
2021/04/05 - 11:15;239
2021/04/05 - 11:20;279
2021/04/05 - 11:25;272
2021/04/05 - 11:30;212
2021/04/05 - 11:35;280
2021/04/05 - 11:40;283
2021/04/05 - 11:45;274
2021/04/05 - 11:50;328
2021/04/05 - 11:55;338
2021/04/05 - 12:00;332
2021/04/05 - 12:05;279
2021/04/05 - 12:10;288
2021/04/05 - 12:15;284
2021/04/05 - 12:20;209
2021/04/05 - 12:25;269
2021/04/05 - 12:30;297
2021/04/05 - 12:35;238
2021/04/05 - 12:40;207
2021/04/05 - 12:45;224
2021/04/05 - 12:50;302
2021/04/05 - 12:55;292
2021/04/05 - 13:00;308
2021/04/05 - 13:05;269
2021/04/05 - 13:10;286
2021/04/05 - 13:15;225
2021/04/05 - 13:20;249
2021/04/05 - 13:25;217
2021/04/05 - 13:30;365
2021/04/05 - 13:35;244
2021/04/05 - 13:40;220
2021/04/05 - 13:45;325
2021/04/05 - 13:50;314
2021/04/05 - 13:55;273
2021/04/05 - 14:00;278
2021/04/05 - 14:05;285
2021/04/05 - 14:10;272
2021/04/05 - 14:15;256
2021/04/05 - 14:20;290
2021/04/05 - 14:25;187
2021/04/05 - 14:30;251
2021/04/05 - 14:35;209
2021/04/05 - 14:40;264
2021/04/05 - 14:45;261
2021/04/05 - 14:50;295
2021/04/05 - 14:55;235
2021/04/05 - 15:00;249
2021/04/05 - 15:05;225
2021/04/05 - 15:10;333
2021/04/05 - 15:15;257
2021/04/05 - 15:20;268
2021/04/05 - 15:25;242
2021/04/05 - 15:30;270
2021/04/05 - 15:35;265
2021/04/05 - 15:40;261
2021/04/05 - 15:45;238
2021/04/05 - 15:50;291
2021/04/05 - 15:55;270
2021/04/05 - 16:00;303
2021/04/05 - 16:05;299
2021/04/05 - 16:10;328
2021/04/05 - 16:15;280
2021/04/05 - 16:20;219
2021/04/05 - 16:25;205
2021/04/05 - 16:30;258
2021/04/05 - 16:35;290
2021/04/05 - 16:40;290
2021/04/05 - 16:45;282
2021/04/05 - 16:50;262
2021/04/05 - 16:55;217
2021/04/05 - 17:00;295
2021/04/05 - 17:05;243
2021/04/05 - 17:10;320
2021/04/05 - 17:15;273
2021/04/05 - 17:20;238
2021/04/05 - 17:25;205
2021/04/05 - 17:30;206
2021/04/05 - 17:35;305
2021/04/05 - 17:40;259
2021/04/05 - 17:45;276
2021/04/05 - 17:50;251
2021/04/05 - 17:55;228
2021/04/05 - 18:00;290
2021/04/05 - 18:05;311
2021/04/05 - 18:10;291
2021/04/05 - 18:15;345
2021/04/05 - 18:20;269
2021/04/05 - 18:25;274
2021/04/05 - 18:30;310
2021/04/05 - 18:35;314
2021/04/05 - 18:40;265
2021/04/05 - 18:45;307
2021/04/05 - 18:50;307
2021/04/05 - 18:55;265
2021/04/05 - 19:00;258
2021/04/05 - 19:05;268
2021/04/05 - 19:10;226
2021/04/05 - 19:15;296
2021/04/05 - 19:20;243
2021/04/05 - 19:25;270
2021/04/05 - 19:30;276
2021/04/05 - 19:35;340
2021/04/05 - 19:40;254
2021/04/05 - 19:45;230
2021/04/05 - 19:50;307
2021/04/05 - 19:55;311
2021/04/05 - 20:00;298
2021/04/05 - 20:05;285
2021/04/05 - 20:10;226
2021/04/05 - 20:15;229
2021/04/05 - 20:20;289
2021/04/05 - 20:25;250
2021/04/05 - 20:30;223
2021/04/05 - 20:35;286
2021/04/05 - 20:40;217
2021/04/05 - 20:45;221
2021/04/05 - 20:50;288
2021/04/05 - 20:55;281
2021/04/05 - 21:00;196
2021/04/05 - 21:05;228
2021/04/05 - 21:10;168
2021/04/05 - 21:15;190
2021/04/05 - 21:20;223
2021/04/05 - 21:25;202
2021/04/05 - 21:30;253
2021/04/05 - 21:35;217
2021/04/05 - 21:40;208
2021/04/05 - 21:45;205
2021/04/05 - 21:50;241
2021/04/05 - 21:55;245
2021/04/05 - 22:00;181
2021/04/05 - 22:05;250
2021/04/05 - 22:10;193
2021/04/05 - 22:15;196
2021/04/05 - 22:20;180
2021/04/05 - 22:25;207
2021/04/05 - 22:30;186
2021/04/05 - 22:35;212
2021/04/05 - 22:40;175
2021/04/05 - 22:45;171
2021/04/05 - 22:50;167
2021/04/05 - 22:55;158
2021/04/05 - 23:00;137
2021/04/05 - 23:05;148
2021/04/05 - 23:10;143
2021/04/05 - 23:15;115
2021/04/05 - 23:20;90
2021/04/05 - 23:25;293
2021/04/05 - 23:30;234
2021/04/05 - 23:35;206
2021/04/05 - 23:40;123
2021/04/05 - 23:45;10
2021/04/06 - 00:00;235
2021/04/06 - 00:05;285
2021/04/06 - 00:10;277
2021/04/06 - 00:15;231
2021/04/06 - 00:20;283
2021/04/06 - 00:25;298
2021/04/06 - 00:30;317
2021/04/06 - 00:35;284
2021/04/06 - 00:40;264
2021/04/06 - 00:45;229
2021/04/06 - 00:50;177
2021/04/06 - 00:55;230
2021/04/06 - 01:00;248
2021/04/06 - 01:05;227
2021/04/06 - 01:10;244
2021/04/06 - 01:15;227
2021/04/06 - 01:20;197
2021/04/06 - 01:25;211
2021/04/06 - 01:30;207
2021/04/06 - 01:35;209
2021/04/06 - 01:40;193
2021/04/06 - 01:45;160
2021/04/06 - 01:50;187
2021/04/06 - 01:55;174
2021/04/06 - 02:00;215
2021/04/06 - 02:05;176
2021/04/06 - 02:10;180
2021/04/06 - 02:15;176
2021/04/06 - 02:20;145
2021/04/06 - 02:25;188
2021/04/06 - 02:30;140
2021/04/06 - 02:35;146
2021/04/06 - 02:40;164
2021/04/06 - 02:45;118
2021/04/06 - 02:50;133
2021/04/06 - 02:55;116
2021/04/06 - 03:00;123
2021/04/06 - 03:05;134
2021/04/06 - 03:10;132
2021/04/06 - 03:15;143
2021/04/06 - 03:20;169
2021/04/06 - 03:25;149
2021/04/06 - 03:30;148
2021/04/06 - 03:35;161
2021/04/06 - 03:40;147
2021/04/06 - 03:45;146
2021/04/06 - 03:50;121
2021/04/06 - 03:55;110
2021/04/06 - 04:00;162
2021/04/06 - 04:05;256
2021/04/06 - 04:10;230
2021/04/06 - 04:15;135
2021/04/06 - 04:20;138
2021/04/06 - 04:25;115
2021/04/06 - 04:30;103
2021/04/06 - 04:35;116
2021/04/06 - 04:40;124
2021/04/06 - 04:45;58
2021/04/06 - 04:50;60
2021/04/06 - 04:55;45
2021/04/06 - 05:00;75
2021/04/06 - 05:05;130
2021/04/06 - 05:10;117
2021/04/06 - 05:15;91
2021/04/06 - 05:20;79
2021/04/06 - 05:25;89
2021/04/06 - 05:30;97
2021/04/06 - 05:35;126
2021/04/06 - 05:40;128
2021/04/06 - 05:45;73
2021/04/06 - 05:50;61
2021/04/06 - 05:55;65
2021/04/06 - 06:00;80
2021/04/06 - 06:05;153
2021/04/06 - 06:10;134
2021/04/06 - 06:15;101
2021/04/06 - 06:20;122
2021/04/06 - 06:25;111
2021/04/06 - 06:30;147
2021/04/06 - 06:35;154
2021/04/06 - 06:40;147
2021/04/06 - 06:45;120
2021/04/06 - 06:50;136
2021/04/06 - 06:55;134
2021/04/06 - 07:00;129
2021/04/06 - 07:05;174
2021/04/06 - 07:10;178
2021/04/06 - 07:15;189
2021/04/06 - 07:20;207
2021/04/06 - 07:25;143
2021/04/06 - 07:30;195
2021/04/06 - 07:35;183
2021/04/06 - 07:40;206
2021/04/06 - 07:45;128
2021/04/06 - 07:50;186
2021/04/06 - 07:55;185
2021/04/06 - 08:00;202
2021/04/06 - 08:05;243
2021/04/06 - 08:10;207
2021/04/06 - 08:15;217
2021/04/06 - 08:20;237
2021/04/06 - 08:25;187
2021/04/06 - 08:30;183
2021/04/06 - 08:35;214
2021/04/06 - 08:40;286
2021/04/06 - 08:45;160
2021/04/06 - 08:50;209
2021/04/06 - 08:55;218
2021/04/06 - 09:00;258
2021/04/06 - 09:05;257
2021/04/06 - 09:10;276
2021/04/06 - 09:15;219
2021/04/06 - 09:20;249
2021/04/06 - 09:25;282
2021/04/06 - 09:30;270
2021/04/06 - 09:35;221
2021/04/06 - 09:40;280
2021/04/06 - 09:45;238
2021/04/06 - 09:50;257
2021/04/06 - 09:55;274
2021/04/06 - 10:00;220
2021/04/06 - 10:05;306
2021/04/06 - 10:10;270
2021/04/06 - 10:15;243
2021/04/06 - 10:20;248
2021/04/06 - 10:25;262
2021/04/06 - 10:30;278
2021/04/06 - 10:35;279
2021/04/06 - 10:40;282
2021/04/06 - 10:45;279
2021/04/06 - 10:50;248
2021/04/06 - 10:55;217
2021/04/06 - 11:00;266
2021/04/06 - 11:05;267
2021/04/06 - 11:10;212
2021/04/06 - 11:15;263
2021/04/06 - 11:20;290
2021/04/06 - 11:25;309
2021/04/06 - 11:30;246
2021/04/06 - 11:35;253
2021/04/06 - 11:40;303
2021/04/06 - 11:45;255
2021/04/06 - 11:50;232
2021/04/06 - 11:55;305
2021/04/06 - 12:00;317
2021/04/06 - 12:05;321
2021/04/06 - 12:10;267
2021/04/06 - 12:15;213
2021/04/06 - 12:20;302
2021/04/06 - 12:25;244
2021/04/06 - 12:30;286
2021/04/06 - 12:35;277
2021/04/06 - 12:40;290
2021/04/06 - 12:45;266
2021/04/06 - 12:50;250
2021/04/06 - 12:55;252
2021/04/06 - 13:00;281
2021/04/06 - 13:05;289
2021/04/06 - 13:10;347
2021/04/06 - 13:15;250
2021/04/06 - 13:20;280
2021/04/06 - 13:25;244
2021/04/06 - 13:30;246
2021/04/06 - 13:35;247
2021/04/06 - 13:40;291
2021/04/06 - 13:45;197
2021/04/06 - 13:50;239
2021/04/06 - 13:55;292
2021/04/06 - 14:00;257
2021/04/06 - 14:05;287
2021/04/06 - 14:10;281
2021/04/06 - 14:15;319
2021/04/06 - 14:20;265
2021/04/06 - 14:25;288
2021/04/06 - 14:30;282
2021/04/06 - 14:35;260
2021/04/06 - 14:40;268
2021/04/06 - 14:45;228
2021/04/06 - 14:50;257
2021/04/06 - 14:55;247
2021/04/06 - 15:00;257
2021/04/06 - 15:05;304
2021/04/06 - 15:10;261
2021/04/06 - 15:15;268
2021/04/06 - 15:20;306
2021/04/06 - 15:25;246
2021/04/06 - 15:30;297
2021/04/06 - 15:35;275
2021/04/06 - 15:40;267
2021/04/06 - 15:45;192
2021/04/06 - 15:50;219
2021/04/06 - 15:55;264
2021/04/06 - 16:00;240
2021/04/06 - 16:05;277
2021/04/06 - 16:10;308
2021/04/06 - 16:15;323
2021/04/06 - 16:20;275
2021/04/06 - 16:25;301
2021/04/06 - 16:30;261
2021/04/06 - 16:35;288
2021/04/06 - 16:40;319
2021/04/06 - 16:45;275
2021/04/06 - 16:50;241
2021/04/06 - 16:55;259
2021/04/06 - 17:00;262
2021/04/06 - 17:05;297
2021/04/06 - 17:10;295
2021/04/06 - 17:15;243
2021/04/06 - 17:20;310
2021/04/06 - 17:25;248
2021/04/06 - 17:30;274
2021/04/06 - 17:35;238
2021/04/06 - 17:40;313
2021/04/06 - 17:45;250
2021/04/06 - 17:50;274
2021/04/06 - 17:55;310
2021/04/06 - 18:00;312
2021/04/06 - 18:05;370
2021/04/06 - 18:10;315
2021/04/06 - 18:15;276
2021/04/06 - 18:20;307
2021/04/06 - 18:25;295
2021/04/06 - 18:30;263
2021/04/06 - 18:35;232
2021/04/06 - 18:40;262
2021/04/06 - 18:45;216
2021/04/06 - 18:50;295
2021/04/06 - 18:55;233
2021/04/06 - 19:00;259
2021/04/06 - 19:05;328
2021/04/06 - 19:10;280
2021/04/06 - 19:15;230
2021/04/06 - 19:20;255
2021/04/06 - 19:25;267
2021/04/06 - 19:30;272
2021/04/06 - 19:35;243
2021/04/06 - 19:40;243
2021/04/06 - 19:45;239
2021/04/06 - 19:50;223
2021/04/06 - 19:55;221
2021/04/06 - 20:00;239
2021/04/06 - 20:05;269
2021/04/06 - 20:10;239
2021/04/06 - 20:15;267
2021/04/06 - 20:20;252
2021/04/06 - 20:25;262
2021/04/06 - 20:30;270
2021/04/06 - 20:35;218
2021/04/06 - 20:40;269
2021/04/06 - 20:45;209
2021/04/06 - 20:50;229
2021/04/06 - 20:55;182
2021/04/06 - 21:00;233
2021/04/06 - 21:05;280
2021/04/06 - 21:10;273
2021/04/06 - 21:15;199
2021/04/06 - 21:20;206
2021/04/06 - 21:25;187
2021/04/06 - 21:30;239
2021/04/06 - 21:35;185
2021/04/06 - 21:40;187
2021/04/06 - 21:45;209
2021/04/06 - 21:50;206
2021/04/06 - 21:55;193
2021/04/06 - 22:00;230
2021/04/06 - 22:05;220
2021/04/06 - 22:10;229
2021/04/06 - 22:15;217
2021/04/06 - 22:20;212
2021/04/06 - 22:25;177
2021/04/06 - 22:30;179
2021/04/06 - 22:35;192
2021/04/06 - 22:40;196
2021/04/06 - 22:45;174
2021/04/06 - 22:50;95
2021/04/06 - 22:55;94
2021/04/06 - 23:00;77
2021/04/06 - 23:05;61
2021/04/06 - 23:10;49
2021/04/06 - 23:15;63
2021/04/06 - 23:20;60
2021/04/06 - 23:25;74
2021/04/06 - 23:30;54
2021/04/06 - 23:35;67
2021/04/06 - 23:40;31
2021/04/06 - 23:45;15
2021/04/06 - 23:50;3
2021/04/07 - 00:00;155
2021/04/07 - 00:05;225
2021/04/07 - 00:10;169
2021/04/07 - 00:15;164
2021/04/07 - 00:20;141
2021/04/07 - 00:25;113
2021/04/07 - 00:30;187
2021/04/07 - 00:35;130
2021/04/07 - 00:40;158
2021/04/07 - 00:45;151
2021/04/07 - 00:50;99
2021/04/07 - 00:55;127
2021/04/07 - 01:00;130
2021/04/07 - 01:05;185
2021/04/07 - 01:10;150
2021/04/07 - 01:15;147
2021/04/07 - 01:20;127
2021/04/07 - 01:25;95
2021/04/07 - 01:30;141
2021/04/07 - 01:35;115
2021/04/07 - 01:40;134
2021/04/07 - 01:45;128
2021/04/07 - 01:50;69
2021/04/07 - 01:55;96
2021/04/07 - 02:00;121
2021/04/07 - 02:05;166
2021/04/07 - 02:10;119
2021/04/07 - 02:15;113
2021/04/07 - 02:20;91
2021/04/07 - 02:25;85
2021/04/07 - 02:30;104
2021/04/07 - 02:35;132
2021/04/07 - 02:40;118
2021/04/07 - 02:45;125
2021/04/07 - 02:50;88
2021/04/07 - 02:55;109
2021/04/07 - 03:00;107
2021/04/07 - 03:05;148
2021/04/07 - 03:10;110
2021/04/07 - 03:15;109
2021/04/07 - 03:20;89
2021/04/07 - 03:25;78
2021/04/07 - 03:30;92
2021/04/07 - 03:35;99
2021/04/07 - 03:40;92
2021/04/07 - 03:45;76
2021/04/07 - 03:50;75
2021/04/07 - 03:55;91
2021/04/07 - 04:00;113
2021/04/07 - 04:05;152
2021/04/07 - 04:10;108
2021/04/07 - 04:15;94
2021/04/07 - 04:20;95
2021/04/07 - 04:25;74
2021/04/07 - 04:30;108
2021/04/07 - 04:35;81
2021/04/07 - 04:40;101
2021/04/07 - 04:45;99
2021/04/07 - 04:50;78
2021/04/07 - 04:55;90
2021/04/07 - 05:00;87
2021/04/07 - 05:05;139
2021/04/07 - 05:10;110
2021/04/07 - 05:15;104
2021/04/07 - 05:20;106
2021/04/07 - 05:25;81
2021/04/07 - 05:30;118
2021/04/07 - 05:35;82
2021/04/07 - 05:40;108
2021/04/07 - 05:45;112
2021/04/07 - 05:50;93
2021/04/07 - 05:55;113
2021/04/07 - 06:00;148
2021/04/07 - 06:05;185
2021/04/07 - 06:10;143
2021/04/07 - 06:15;151
2021/04/07 - 06:20;123
2021/04/07 - 06:25;105
2021/04/07 - 06:30;139
2021/04/07 - 06:35;128
2021/04/07 - 06:40;156
2021/04/07 - 06:45;139
2021/04/07 - 06:50;120
2021/04/07 - 06:55;132
2021/04/07 - 07:00;157
2021/04/07 - 07:05;195
2021/04/07 - 07:10;164
2021/04/07 - 07:15;197
2021/04/07 - 07:20;144
2021/04/07 - 07:25;132
2021/04/07 - 07:30;180
2021/04/07 - 07:35;200
2021/04/07 - 07:40;186
2021/04/07 - 07:45;182
2021/04/07 - 07:50;182
2021/04/07 - 07:55;246
2021/04/07 - 08:00;193
2021/04/07 - 08:05;221
2021/04/07 - 08:10;230
2021/04/07 - 08:15;209
2021/04/07 - 08:20;276
2021/04/07 - 08:25;197
2021/04/07 - 08:30;228
2021/04/07 - 08:35;177
2021/04/07 - 08:40;220
2021/04/07 - 08:45;238
2021/04/07 - 08:50;271
2021/04/07 - 08:55;263
2021/04/07 - 09:00;212
2021/04/07 - 09:05;268
2021/04/07 - 09:10;217
2021/04/07 - 09:15;244
2021/04/07 - 09:20;236
2021/04/07 - 09:25;261
2021/04/07 - 09:30;252
2021/04/07 - 09:35;212
2021/04/07 - 09:40;214
2021/04/07 - 09:45;265
2021/04/07 - 09:50;212
2021/04/07 - 09:55;283
2021/04/07 - 10:00;272
2021/04/07 - 10:05;289
2021/04/07 - 10:10;277
2021/04/07 - 10:15;291
2021/04/07 - 10:20;234
2021/04/07 - 10:25;262
2021/04/07 - 10:30;269
2021/04/07 - 10:35;199
2021/04/07 - 10:40;277
2021/04/07 - 10:45;295
2021/04/07 - 10:50;253
2021/04/07 - 10:55;310
2021/04/07 - 11:00;258
2021/04/07 - 11:05;330
2021/04/07 - 11:10;260
2021/04/07 - 11:15;240
2021/04/07 - 11:20;263
2021/04/07 - 11:25;344
2021/04/07 - 11:30;271
2021/04/07 - 11:35;354
2021/04/07 - 11:40;281
2021/04/07 - 11:45;260
2021/04/07 - 11:50;304
2021/04/07 - 11:55;262
2021/04/07 - 12:00;249
2021/04/07 - 12:05;294
2021/04/07 - 12:10;250
2021/04/07 - 12:15;254
2021/04/07 - 12:20;314
2021/04/07 - 12:25;238
2021/04/07 - 12:30;232
2021/04/07 - 12:35;294
2021/04/07 - 12:40;286
2021/04/07 - 12:45;263
2021/04/07 - 12:50;236
2021/04/07 - 12:55;238
2021/04/07 - 13:00;248
2021/04/07 - 13:05;282
2021/04/07 - 13:10;227
2021/04/07 - 13:15;251
2021/04/07 - 13:20;280
2021/04/07 - 13:25;266
2021/04/07 - 13:30;244
2021/04/07 - 13:35;294
2021/04/07 - 13:40;292
2021/04/07 - 13:45;231
2021/04/07 - 13:50;265
2021/04/07 - 13:55;277
2021/04/07 - 14:00;284
2021/04/07 - 14:05;310
2021/04/07 - 14:10;218
2021/04/07 - 14:15;252
2021/04/07 - 14:20;245
2021/04/07 - 14:25;217
2021/04/07 - 14:30;241
2021/04/07 - 14:35;286
2021/04/07 - 14:40;267
2021/04/07 - 14:45;237
2021/04/07 - 14:50;205
2021/04/07 - 14:55;287
2021/04/07 - 15:00;218
2021/04/07 - 15:05;314
2021/04/07 - 15:10;262
2021/04/07 - 15:15;234
2021/04/07 - 15:20;269
2021/04/07 - 15:25;247
2021/04/07 - 15:30;246
2021/04/07 - 15:35;256
2021/04/07 - 15:40;274
2021/04/07 - 15:45;239
2021/04/07 - 15:50;221
2021/04/07 - 15:55;245
2021/04/07 - 16:00;278
2021/04/07 - 16:05;326
2021/04/07 - 16:10;279
2021/04/07 - 16:15;313
2021/04/07 - 16:20;368
2021/04/07 - 16:25;239
2021/04/07 - 16:30;246
2021/04/07 - 16:35;251
2021/04/07 - 16:40;308
2021/04/07 - 16:45;242
2021/04/07 - 16:50;295
2021/04/07 - 16:55;239
2021/04/07 - 17:00;266
2021/04/07 - 17:05;319
2021/04/07 - 17:10;270
2021/04/07 - 17:15;230
2021/04/07 - 17:20;310
2021/04/07 - 17:25;234
2021/04/07 - 17:30;207
2021/04/07 - 17:35;240
2021/04/07 - 17:40;301
2021/04/07 - 17:45;319
2021/04/07 - 17:50;256
2021/04/07 - 17:55;261
2021/04/07 - 18:00;335
2021/04/07 - 18:05;376
2021/04/07 - 18:10;270
2021/04/07 - 18:15;266
2021/04/07 - 18:20;356
2021/04/07 - 18:25;296
2021/04/07 - 18:30;281
2021/04/07 - 18:35;309
2021/04/07 - 18:40;345
2021/04/07 - 18:45;337
2021/04/07 - 18:50;294
2021/04/07 - 18:55;276
2021/04/07 - 19:00;333
2021/04/07 - 19:05;379
2021/04/07 - 19:10;291
2021/04/07 - 19:15;226
2021/04/07 - 19:20;296
2021/04/07 - 19:25;248
2021/04/07 - 19:30;274
2021/04/07 - 19:35;231
2021/04/07 - 19:40;297
2021/04/07 - 19:45;269
2021/04/07 - 19:50;287
2021/04/07 - 19:55;270
2021/04/07 - 20:00;275
2021/04/07 - 20:05;336
2021/04/07 - 20:10;271
2021/04/07 - 20:15;271
2021/04/07 - 20:20;294
2021/04/07 - 20:25;252
2021/04/07 - 20:30;238
2021/04/07 - 20:35;236
2021/04/07 - 20:40;320
2021/04/07 - 20:45;272
2021/04/07 - 20:50;241
2021/04/07 - 20:55;297
2021/04/07 - 21:00;239
2021/04/07 - 21:05;314
2021/04/07 - 21:10;294
2021/04/07 - 21:15;247
2021/04/07 - 21:20;290
2021/04/07 - 21:25;292
2021/04/07 - 21:30;242
2021/04/07 - 21:35;269
2021/04/07 - 21:40;307
2021/04/07 - 21:45;292
2021/04/07 - 21:50;249
2021/04/07 - 21:55;246
2021/04/07 - 22:00;224
2021/04/07 - 22:05;285
2021/04/07 - 22:10;257
2021/04/07 - 22:15;257
2021/04/07 - 22:20;251
2021/04/07 - 22:25;235
2021/04/07 - 22:30;264
2021/04/07 - 22:35;212
2021/04/07 - 22:40;262
2021/04/07 - 22:45;213
2021/04/07 - 22:50;203
2021/04/07 - 22:55;188
2021/04/07 - 23:00;174
2021/04/07 - 23:05;237
2021/04/07 - 23:10;185
2021/04/07 - 23:15;185
2021/04/07 - 23:20;191
2021/04/07 - 23:25;186
2021/04/07 - 23:30;191
2021/04/07 - 23:35;179
2021/04/07 - 23:40;211
2021/04/07 - 23:45;171
2021/04/07 - 23:50;162
2021/04/07 - 23:55;153
2021/04/08 - 00:00;264
2021/04/08 - 00:05;392
2021/04/08 - 00:10;289
2021/04/08 - 00:15;291
2021/04/08 - 00:20;350
2021/04/08 - 00:25;300
2021/04/08 - 00:30;325
2021/04/08 - 00:35;382
2021/04/08 - 00:40;312
2021/04/08 - 00:45;167
2021/04/08 - 00:50;163
2021/04/08 - 00:55;121
2021/04/08 - 01:00;178
2021/04/08 - 01:05;134
2021/04/08 - 01:10;97
2021/04/08 - 01:15;92
2021/04/08 - 01:20;111
2021/04/08 - 01:25;116
2021/04/08 - 01:30;168
2021/04/08 - 01:35;224
2021/04/08 - 01:40;208
2021/04/08 - 01:45;121
2021/04/08 - 01:50;97
2021/04/08 - 01:55;100
2021/04/08 - 02:00;136
2021/04/08 - 02:05;114
2021/04/08 - 02:10;84
2021/04/08 - 02:15;84
2021/04/08 - 02:20;104
2021/04/08 - 02:25;129
2021/04/08 - 02:30;170
2021/04/08 - 02:35;210
2021/04/08 - 02:40;204
2021/04/08 - 02:45;143
2021/04/08 - 02:50;101
2021/04/08 - 02:55;91
2021/04/08 - 03:00;134
2021/04/08 - 03:05;110
2021/04/08 - 03:10;85
2021/04/08 - 03:15;101
2021/04/08 - 03:20;118
2021/04/08 - 03:25;140
2021/04/08 - 03:30;151
2021/04/08 - 03:35;218
2021/04/08 - 03:40;198
2021/04/08 - 03:45;115
2021/04/08 - 03:50;104
2021/04/08 - 03:55;91
2021/04/08 - 04:00;114
2021/04/08 - 04:05;111
2021/04/08 - 04:10;93
2021/04/08 - 04:15;109
2021/04/08 - 04:20;102
2021/04/08 - 04:25;126
2021/04/08 - 04:30;155
2021/04/08 - 04:35;209
2021/04/08 - 04:40;191
2021/04/08 - 04:45;128
2021/04/08 - 04:50;97
2021/04/08 - 04:55;107
2021/04/08 - 05:00;125
2021/04/08 - 05:05;111
2021/04/08 - 05:10;92
2021/04/08 - 05:15;116
2021/04/08 - 05:20;110
2021/04/08 - 05:25;123
2021/04/08 - 05:30;148
2021/04/08 - 05:35;237
2021/04/08 - 05:40;187
2021/04/08 - 05:45;138
2021/04/08 - 05:50;117
2021/04/08 - 05:55;117
2021/04/08 - 06:00;137
2021/04/08 - 06:05;115
2021/04/08 - 06:10;139
2021/04/08 - 06:15;157
2021/04/08 - 06:20;150
2021/04/08 - 06:25;154
2021/04/08 - 06:30;157
2021/04/08 - 06:35;268
2021/04/08 - 06:40;228
2021/04/08 - 06:45;161
2021/04/08 - 06:50;141
2021/04/08 - 06:55;181
2021/04/08 - 07:00;186
2021/04/08 - 07:05;188
2021/04/08 - 07:10;143
2021/04/08 - 07:15;177
2021/04/08 - 07:20;177
2021/04/08 - 07:25;186
2021/04/08 - 07:30;254
2021/04/08 - 07:35;274
2021/04/08 - 07:40;268
2021/04/08 - 07:45;166
2021/04/08 - 07:50;198
2021/04/08 - 07:55;220
2021/04/08 - 08:00;200
2021/04/08 - 08:05;220
2021/04/08 - 08:10;243
2021/04/08 - 08:15;203
2021/04/08 - 08:20;217
2021/04/08 - 08:25;245
2021/04/08 - 08:30;286
2021/04/08 - 08:35;296
2021/04/08 - 08:40;243
2021/04/08 - 08:45;213
2021/04/08 - 08:50;193
2021/04/08 - 08:55;187
2021/04/08 - 09:00;207
2021/04/08 - 09:05;224
2021/04/08 - 09:10;242
2021/04/08 - 09:15;261
2021/04/08 - 09:20;233
2021/04/08 - 09:25;228
2021/04/08 - 09:30;277
2021/04/08 - 09:35;330
2021/04/08 - 09:40;257
2021/04/08 - 09:45;195
2021/04/08 - 09:50;213
2021/04/08 - 09:55;209
2021/04/08 - 10:00;249
2021/04/08 - 10:05;320
2021/04/08 - 10:10;247
2021/04/08 - 10:15;302
2021/04/08 - 10:20;258
2021/04/08 - 10:25;234
2021/04/08 - 10:30;282
2021/04/08 - 10:35;307
2021/04/08 - 10:40;329
2021/04/08 - 10:45;245
2021/04/08 - 10:50;285
2021/04/08 - 10:55;255
2021/04/08 - 11:00;292
2021/04/08 - 11:05;315
2021/04/08 - 11:10;266
2021/04/08 - 11:15;266
2021/04/08 - 11:20;367
2021/04/08 - 11:25;310
2021/04/08 - 11:30;321
2021/04/08 - 11:35;359
2021/04/08 - 11:40;353
2021/04/08 - 11:45;365
2021/04/08 - 11:50;242
2021/04/08 - 11:55;351
2021/04/08 - 12:00;299
2021/04/08 - 12:05;278
2021/04/08 - 12:10;240
2021/04/08 - 12:15;282
2021/04/08 - 12:20;296
2021/04/08 - 12:25;330
2021/04/08 - 12:30;271
2021/04/08 - 12:35;336
2021/04/08 - 12:40;317
2021/04/08 - 12:45;212
2021/04/08 - 12:50;231
2021/04/08 - 12:55;295
2021/04/08 - 13:00;263
2021/04/08 - 13:05;244
2021/04/08 - 13:10;257
2021/04/08 - 13:15;282
2021/04/08 - 13:20;243
2021/04/08 - 13:25;270
2021/04/08 - 13:30;299
2021/04/08 - 13:35;334
2021/04/08 - 13:40;286
2021/04/08 - 13:45;221
2021/04/08 - 13:50;209
2021/04/08 - 13:55;212
2021/04/08 - 14:00;249
2021/04/08 - 14:05;206
2021/04/08 - 14:10;285
2021/04/08 - 14:15;270
2021/04/08 - 14:20;232
2021/04/08 - 14:25;246
2021/04/08 - 14:30;288
2021/04/08 - 14:35;271
2021/04/08 - 14:40;235
2021/04/08 - 14:45;241
2021/04/08 - 14:50;270
2021/04/08 - 14:55;227
2021/04/08 - 15:00;329
2021/04/08 - 15:05;232
2021/04/08 - 15:10;257
2021/04/08 - 15:15;186
2021/04/08 - 15:20;172
2021/04/08 - 15:25;227
2021/04/08 - 15:30;291
2021/04/08 - 15:35;324
2021/04/08 - 15:40;260
2021/04/08 - 15:45;264
2021/04/08 - 15:50;185
2021/04/08 - 15:55;236
2021/04/08 - 16:00;310
2021/04/08 - 16:05;276
2021/04/08 - 16:10;241
2021/04/08 - 16:15;232
2021/04/08 - 16:20;250
2021/04/08 - 16:25;238
2021/04/08 - 16:30;309
2021/04/08 - 16:35;336
2021/04/08 - 16:40;390
2021/04/08 - 16:45;413
2021/04/08 - 16:50;256
2021/04/08 - 16:55;342
2021/04/08 - 17:00;325
2021/04/08 - 17:05;369
2021/04/08 - 17:10;276
2021/04/08 - 17:15;298
2021/04/08 - 17:20;307
2021/04/08 - 17:25;255
2021/04/08 - 17:30;291
2021/04/08 - 17:35;283
2021/04/08 - 17:40;325
2021/04/08 - 17:45;335
2021/04/08 - 17:50;299
2021/04/08 - 17:55;323
2021/04/08 - 18:00;305
2021/04/08 - 18:05;237
2021/04/08 - 18:10;315
2021/04/08 - 18:15;283
2021/04/08 - 18:20;297
2021/04/08 - 18:25;306
2021/04/08 - 18:30;320
2021/04/08 - 18:35;358
2021/04/08 - 18:40;326
2021/04/08 - 18:45;370
2021/04/08 - 18:50;318
2021/04/08 - 18:55;322
2021/04/08 - 19:00;255
2021/04/08 - 19:05;270
2021/04/08 - 19:10;307
2021/04/08 - 19:15;323
2021/04/08 - 19:20;293
2021/04/08 - 19:25;311
2021/04/08 - 19:30;278
2021/04/08 - 19:35;262
2021/04/08 - 19:40;336
2021/04/08 - 19:45;336
2021/04/08 - 19:50;261
2021/04/08 - 19:55;267
2021/04/08 - 20:00;298
2021/04/08 - 20:05;280
2021/04/08 - 20:10;277
2021/04/08 - 20:15;290
2021/04/08 - 20:20;232
2021/04/08 - 20:25;313
2021/04/08 - 20:30;295
2021/04/08 - 20:35;288
2021/04/08 - 20:40;360
2021/04/08 - 20:45;297
2021/04/08 - 20:50;246
2021/04/08 - 20:55;307
2021/04/08 - 21:00;243
2021/04/08 - 21:05;252
2021/04/08 - 21:10;276
2021/04/08 - 21:15;232
2021/04/08 - 21:20;240
2021/04/08 - 21:25;265
2021/04/08 - 21:30;252
2021/04/08 - 21:35;262
2021/04/08 - 21:40;297
2021/04/08 - 21:45;283
2021/04/08 - 21:50;205
2021/04/08 - 21:55;235
2021/04/08 - 22:00;259
2021/04/08 - 22:05;217
2021/04/08 - 22:10;244
2021/04/08 - 22:15;223
2021/04/08 - 22:20;220
2021/04/08 - 22:25;204
2021/04/08 - 22:30;250
2021/04/08 - 22:35;217
2021/04/08 - 22:40;270
2021/04/08 - 22:45;272
2021/04/08 - 22:50;202
2021/04/08 - 22:55;215
2021/04/08 - 23:00;221
2021/04/08 - 23:05;220
2021/04/08 - 23:10;208
2021/04/08 - 23:15;219
2021/04/08 - 23:20;176
2021/04/08 - 23:25;203
2021/04/08 - 23:30;199
2021/04/08 - 23:35;179
2021/04/08 - 23:40;202
2021/04/08 - 23:45;221
2021/04/08 - 23:50;164
2021/04/08 - 23:55;117
2021/04/09 - 00:00;198
2021/04/09 - 00:05;198
2021/04/09 - 00:10;187
2021/04/09 - 00:15;194
2021/04/09 - 00:20;152
2021/04/09 - 00:25;154
2021/04/09 - 00:30;159
2021/04/09 - 00:35;137
2021/04/09 - 00:40;195
2021/04/09 - 00:45;151
2021/04/09 - 00:50;122
2021/04/09 - 00:55;164
2021/04/09 - 01:00;176
2021/04/09 - 01:05;162
2021/04/09 - 01:10;154
2021/04/09 - 01:15;147
2021/04/09 - 01:20;99
2021/04/09 - 01:25;121
2021/04/09 - 01:30;135
2021/04/09 - 01:35;138
2021/04/09 - 01:40;171
2021/04/09 - 01:45;146
2021/04/09 - 01:50;101
2021/04/09 - 01:55;144
2021/04/09 - 02:00;168
2021/04/09 - 02:05;129
2021/04/09 - 02:10;132
2021/04/09 - 02:15;129
2021/04/09 - 02:20;96
2021/04/09 - 02:25;114
2021/04/09 - 02:30;225
2021/04/09 - 02:35;215
2021/04/09 - 02:40;248
2021/04/09 - 02:45;194
2021/04/09 - 02:50;88
2021/04/09 - 02:55;103
2021/04/09 - 03:00;118
2021/04/09 - 03:05;101
2021/04/09 - 03:10;94
2021/04/09 - 03:15;90
2021/04/09 - 03:20;63
2021/04/09 - 03:25;105
2021/04/09 - 03:30;130
2021/04/09 - 03:35;126
2021/04/09 - 03:40;122
2021/04/09 - 03:45;128
2021/04/09 - 03:50;106
2021/04/09 - 03:55;131
2021/04/09 - 04:00;145
2021/04/09 - 04:05;125
2021/04/09 - 04:10;127
2021/04/09 - 04:15;113
2021/04/09 - 04:20;92
2021/04/09 - 04:25;87
2021/04/09 - 04:30;110
2021/04/09 - 04:35;111
2021/04/09 - 04:40;120
2021/04/09 - 04:45;133
2021/04/09 - 04:50;103
2021/04/09 - 04:55;132
2021/04/09 - 05:00;138
2021/04/09 - 05:05;130
2021/04/09 - 05:10;134
2021/04/09 - 05:15;136
2021/04/09 - 05:20;102
2021/04/09 - 05:25;117
2021/04/09 - 05:30;133
2021/04/09 - 05:35;118
2021/04/09 - 05:40;142
2021/04/09 - 05:45;125
2021/04/09 - 05:50;107
2021/04/09 - 05:55;118
2021/04/09 - 06:00;137
2021/04/09 - 06:05;144
2021/04/09 - 06:10;147
2021/04/09 - 06:15;147
2021/04/09 - 06:20;133
2021/04/09 - 06:25;141
2021/04/09 - 06:30;153
2021/04/09 - 06:35;179
2021/04/09 - 06:40;191
2021/04/09 - 06:45;163
2021/04/09 - 06:50;177
2021/04/09 - 06:55;210
2021/04/09 - 07:00;185
2021/04/09 - 07:05;174
2021/04/09 - 07:10;175
2021/04/09 - 07:15;190
2021/04/09 - 07:20;214
2021/04/09 - 07:25;176
2021/04/09 - 07:30;195
2021/04/09 - 07:35;218
2021/04/09 - 07:40;235
2021/04/09 - 07:45;197
2021/04/09 - 07:50;148
2021/04/09 - 07:55;189
2021/04/09 - 08:00;188
2021/04/09 - 08:05;143
2021/04/09 - 08:10;165
2021/04/09 - 08:15;186
2021/04/09 - 08:20;200
2021/04/09 - 08:25;154
2021/04/09 - 08:30;184
2021/04/09 - 08:35;205
2021/04/09 - 08:40;235
2021/04/09 - 08:45;223
2021/04/09 - 08:50;176
2021/04/09 - 08:55;241
2021/04/09 - 09:00;258
2021/04/09 - 09:05;220
2021/04/09 - 09:10;263
2021/04/09 - 09:15;216
2021/04/09 - 09:20;271
2021/04/09 - 09:25;191
2021/04/09 - 09:30;248
2021/04/09 - 09:35;200
2021/04/09 - 09:40;236
2021/04/09 - 09:45;247
2021/04/09 - 09:50;195
2021/04/09 - 09:55;263
2021/04/09 - 10:00;244
2021/04/09 - 10:05;201
2021/04/09 - 10:10;255
2021/04/09 - 10:15;291
2021/04/09 - 10:20;272
2021/04/09 - 10:25;249
2021/04/09 - 10:30;280
2021/04/09 - 10:35;301
2021/04/09 - 10:40;288
2021/04/09 - 10:45;283
2021/04/09 - 10:50;276
2021/04/09 - 10:55;236
2021/04/09 - 11:00;291
2021/04/09 - 11:05;391
2021/04/09 - 11:10;269
2021/04/09 - 11:15;283
2021/04/09 - 11:20;253
2021/04/09 - 11:25;221
2021/04/09 - 11:30;264
2021/04/09 - 11:35;316
2021/04/09 - 11:40;280
2021/04/09 - 11:45;231
2021/04/09 - 11:50;283
2021/04/09 - 11:55;335
2021/04/09 - 12:00;274
2021/04/09 - 12:05;306
2021/04/09 - 12:10;292
2021/04/09 - 12:15;241
2021/04/09 - 12:20;291
2021/04/09 - 12:25;224
2021/04/09 - 12:30;265
2021/04/09 - 12:35;277
2021/04/09 - 12:40;276
2021/04/09 - 12:45;202
2021/04/09 - 12:50;296
2021/04/09 - 12:55;286
2021/04/09 - 13:00;316
2021/04/09 - 13:05;385
2021/04/09 - 13:10;359
2021/04/09 - 13:15;299
2021/04/09 - 13:20;325
2021/04/09 - 13:25;347
2021/04/09 - 13:30;291
2021/04/09 - 13:35;293
2021/04/09 - 13:40;257
2021/04/09 - 13:45;218
2021/04/09 - 13:50;257
2021/04/09 - 13:55;276
2021/04/09 - 14:00;258
2021/04/09 - 14:05;277
2021/04/09 - 14:10;253
2021/04/09 - 14:15;335
2021/04/09 - 14:20;220
2021/04/09 - 14:25;241
2021/04/09 - 14:30;279
2021/04/09 - 14:35;278
2021/04/09 - 14:40;293
2021/04/09 - 14:45;285
2021/04/09 - 14:50;248
2021/04/09 - 14:55;338
2021/04/09 - 15:00;230
2021/04/09 - 15:05;247
2021/04/09 - 15:10;297
2021/04/09 - 15:15;325
2021/04/09 - 15:20;263
2021/04/09 - 15:25;253
2021/04/09 - 15:30;250
2021/04/09 - 15:35;280
2021/04/09 - 15:40;284
2021/04/09 - 15:45;301
2021/04/09 - 15:50;301
2021/04/09 - 15:55;283
2021/04/09 - 16:00;260
2021/04/09 - 16:05;217
2021/04/09 - 16:10;238
2021/04/09 - 16:15;306
2021/04/09 - 16:20;211
2021/04/09 - 16:25;245
2021/04/09 - 16:30;265
2021/04/09 - 16:35;270
2021/04/09 - 16:40;262
2021/04/09 - 16:45;287
2021/04/09 - 16:50;281
2021/04/09 - 16:55;272
2021/04/09 - 17:00;313
2021/04/09 - 17:05;271
2021/04/09 - 17:10;258
2021/04/09 - 17:15;255
2021/04/09 - 17:20;236
2021/04/09 - 17:25;242
2021/04/09 - 17:30;219
2021/04/09 - 17:35;224
2021/04/09 - 17:40;302
2021/04/09 - 17:45;257
2021/04/09 - 17:50;273
2021/04/09 - 17:55;239
2021/04/09 - 18:00;311
2021/04/09 - 18:05;257
2021/04/09 - 18:10;241
2021/04/09 - 18:15;297
2021/04/09 - 18:20;299
2021/04/09 - 18:25;346
2021/04/09 - 18:30;351
2021/04/09 - 18:35;325
2021/04/09 - 18:40;300
2021/04/09 - 18:45;303
2021/04/09 - 18:50;298
2021/04/09 - 18:55;312
2021/04/09 - 19:00;338
2021/04/09 - 19:05;311
2021/04/09 - 19:10;390
2021/04/09 - 19:15;366
2021/04/09 - 19:20;302
2021/04/09 - 19:25;302
2021/04/09 - 19:30;261
2021/04/09 - 19:35;291
2021/04/09 - 19:40;302
2021/04/09 - 19:45;324
2021/04/09 - 19:50;285
2021/04/09 - 19:55;303
2021/04/09 - 20:00;293
2021/04/09 - 20:05;255
2021/04/09 - 20:10;343
2021/04/09 - 20:15;280
2021/04/09 - 20:20;321
2021/04/09 - 20:25;272
2021/04/09 - 20:30;252
2021/04/09 - 20:35;255
2021/04/09 - 20:40;276
2021/04/09 - 20:45;281
2021/04/09 - 20:50;261
2021/04/09 - 20:55;240
2021/04/09 - 21:00;232
2021/04/09 - 21:05;266
2021/04/09 - 21:10;286
2021/04/09 - 21:15;293
2021/04/09 - 21:20;240
2021/04/09 - 21:25;301
2021/04/09 - 21:30;232
2021/04/09 - 21:35;244
2021/04/09 - 21:40;254
2021/04/09 - 21:45;252
2021/04/09 - 21:50;272
2021/04/09 - 21:55;244
2021/04/09 - 22:00;289
2021/04/09 - 22:05;302
2021/04/09 - 22:10;241
2021/04/09 - 22:15;258
2021/04/09 - 22:20;166
2021/04/09 - 22:25;200
2021/04/09 - 22:30;135
2021/04/09 - 22:35;124
2021/04/09 - 22:40;124
2021/04/09 - 22:45;127
2021/04/09 - 22:50;169
2021/04/09 - 22:55;129
2021/04/09 - 23:00;103
2021/04/09 - 23:05;112
2021/04/09 - 23:10;99
2021/04/09 - 23:15;112
2021/04/09 - 23:20;58
2021/04/09 - 23:25;38
2021/04/09 - 23:30;2
2021/04/10 - 00:00;202
2021/04/10 - 00:05;206
2021/04/10 - 00:10;185
2021/04/10 - 00:15;215
2021/04/10 - 00:20;182
2021/04/10 - 00:25;229
2021/04/10 - 00:30;182
2021/04/10 - 00:35;146
2021/04/10 - 00:40;145
2021/04/10 - 00:45;149
2021/04/10 - 00:50;129
2021/04/10 - 00:55;136
2021/04/10 - 01:00;139
2021/04/10 - 01:05;133
2021/04/10 - 01:10;156
2021/04/10 - 01:15;149
2021/04/10 - 01:20;121
2021/04/10 - 01:25;184
2021/04/10 - 01:30;150
2021/04/10 - 01:35;169
2021/04/10 - 01:40;131
2021/04/10 - 01:45;117
2021/04/10 - 01:50;127
2021/04/10 - 01:55;158
2021/04/10 - 02:00;141
2021/04/10 - 02:05;153
2021/04/10 - 02:10;122
2021/04/10 - 02:15;155
2021/04/10 - 02:20;102
2021/04/10 - 02:25;151
2021/04/10 - 02:30;121
2021/04/10 - 02:35;98
2021/04/10 - 02:40;102
2021/04/10 - 02:45;103
2021/04/10 - 02:50;111
2021/04/10 - 02:55;120
2021/04/10 - 03:00;132
2021/04/10 - 03:05;123
2021/04/10 - 03:10;127
2021/04/10 - 03:15;140
2021/04/10 - 03:20;119
2021/04/10 - 03:25;135
2021/04/10 - 03:30;116
2021/04/10 - 03:35;95
2021/04/10 - 03:40;94
2021/04/10 - 03:45;83
2021/04/10 - 03:50;114
2021/04/10 - 03:55;119
2021/04/10 - 04:00;123
2021/04/10 - 04:05;129
2021/04/10 - 04:10;124
2021/04/10 - 04:15;147
2021/04/10 - 04:20;100
2021/04/10 - 04:25;124
2021/04/10 - 04:30;112
2021/04/10 - 04:35;96
2021/04/10 - 04:40;94
2021/04/10 - 04:45;82
2021/04/10 - 04:50;94
2021/04/10 - 04:55;91
2021/04/10 - 05:00;107
2021/04/10 - 05:05;94
2021/04/10 - 05:10;101
2021/04/10 - 05:15;126
2021/04/10 - 05:20;85
2021/04/10 - 05:25;116
2021/04/10 - 05:30;126
2021/04/10 - 05:35;108
2021/04/10 - 05:40;89
2021/04/10 - 05:45;99
2021/04/10 - 05:50;104
2021/04/10 - 05:55;128
2021/04/10 - 06:00;134
2021/04/10 - 06:05;132
2021/04/10 - 06:10;144
2021/04/10 - 06:15;157
2021/04/10 - 06:20;126
2021/04/10 - 06:25;135
2021/04/10 - 06:30;111
2021/04/10 - 06:35;121
2021/04/10 - 06:40;110
2021/04/10 - 06:45;131
2021/04/10 - 06:50;146
2021/04/10 - 06:55;135
2021/04/10 - 07:00;164
2021/04/10 - 07:05;180
2021/04/10 - 07:10;152
2021/04/10 - 07:15;173
2021/04/10 - 07:20;157
2021/04/10 - 07:25;179
2021/04/10 - 07:30;142
2021/04/10 - 07:35;158
2021/04/10 - 07:40;164
2021/04/10 - 07:45;138
2021/04/10 - 07:50;173
2021/04/10 - 07:55;177
2021/04/10 - 08:00;192
2021/04/10 - 08:05;187
2021/04/10 - 08:10;177
2021/04/10 - 08:15;174
2021/04/10 - 08:20;168
2021/04/10 - 08:25;232
2021/04/10 - 08:30;192
2021/04/10 - 08:35;186
2021/04/10 - 08:40;181
2021/04/10 - 08:45;200
2021/04/10 - 08:50;209
2021/04/10 - 08:55;188
2021/04/10 - 09:00;261
2021/04/10 - 09:05;229
2021/04/10 - 09:10;150
2021/04/10 - 09:15;186
2021/04/10 - 09:20;184
2021/04/10 - 09:25;218
2021/04/10 - 09:30;239
2021/04/10 - 09:35;214
2021/04/10 - 09:40;234
2021/04/10 - 09:45;200
2021/04/10 - 09:50;215
2021/04/10 - 09:55;234
2021/04/10 - 10:00;284
2021/04/10 - 10:05;276
2021/04/10 - 10:10;245
2021/04/10 - 10:15;223
2021/04/10 - 10:20;230
2021/04/10 - 10:25;268
2021/04/10 - 10:30;257
2021/04/10 - 10:35;227
2021/04/10 - 10:40;166
2021/04/10 - 10:45;240
2021/04/10 - 10:50;234
2021/04/10 - 10:55;237
2021/04/10 - 11:00;295
2021/04/10 - 11:05;220
2021/04/10 - 11:10;265
2021/04/10 - 11:15;256
2021/04/10 - 11:20;220
2021/04/10 - 11:25;278
2021/04/10 - 11:30;252
2021/04/10 - 11:35;296
2021/04/10 - 11:40;217
2021/04/10 - 11:45;255
2021/04/10 - 11:50;231
2021/04/10 - 11:55;254
2021/04/10 - 12:00;265
2021/04/10 - 12:05;279
2021/04/10 - 12:10;287
2021/04/10 - 12:15;284
2021/04/10 - 12:20;244
2021/04/10 - 12:25;238
2021/04/10 - 12:30;286
2021/04/10 - 12:35;215
2021/04/10 - 12:40;270
2021/04/10 - 12:45;299
2021/04/10 - 12:50;240
2021/04/10 - 12:55;275
2021/04/10 - 13:00;269
2021/04/10 - 13:05;263
2021/04/10 - 13:10;257
2021/04/10 - 13:15;264
2021/04/10 - 13:20;260
2021/04/10 - 13:25;236
2021/04/10 - 13:30;318
2021/04/10 - 13:35;250
2021/04/10 - 13:40;198
2021/04/10 - 13:45;226
2021/04/10 - 13:50;194
2021/04/10 - 13:55;234
2021/04/10 - 14:00;263
2021/04/10 - 14:05;230
2021/04/10 - 14:10;275
2021/04/10 - 14:15;247
2021/04/10 - 14:20;239
2021/04/10 - 14:25;243
2021/04/10 - 14:30;250
2021/04/10 - 14:35;223
2021/04/10 - 14:40;227
2021/04/10 - 14:45;271
2021/04/10 - 14:50;245
2021/04/10 - 14:55;270
2021/04/10 - 15:00;238
2021/04/10 - 15:05;247
2021/04/10 - 15:10;244
2021/04/10 - 15:15;249
2021/04/10 - 15:20;247
2021/04/10 - 15:25;264
2021/04/10 - 15:30;296
2021/04/10 - 15:35;236
2021/04/10 - 15:40;239
2021/04/10 - 15:45;243
2021/04/10 - 15:50;236
2021/04/10 - 15:55;214
2021/04/10 - 16:00;208
2021/04/10 - 16:05;198
2021/04/10 - 16:10;240
2021/04/10 - 16:15;244
2021/04/10 - 16:20;211
2021/04/10 - 16:25;221
2021/04/10 - 16:30;240
2021/04/10 - 16:35;249
2021/04/10 - 16:40;198
2021/04/10 - 16:45;263
2021/04/10 - 16:50;252
2021/04/10 - 16:55;204
2021/04/10 - 17:00;219
2021/04/10 - 17:05;234
2021/04/10 - 17:10;260
2021/04/10 - 17:15;216
2021/04/10 - 17:20;229
2021/04/10 - 17:25;257
2021/04/10 - 17:30;276
2021/04/10 - 17:35;255
2021/04/10 - 17:40;229
2021/04/10 - 17:45;236
2021/04/10 - 17:50;216
2021/04/10 - 17:55;232
2021/04/10 - 18:00;285
2021/04/10 - 18:05;242
2021/04/10 - 18:10;277
2021/04/10 - 18:15;243
2021/04/10 - 18:20;174
2021/04/10 - 18:25;220
2021/04/10 - 18:30;263
2021/04/10 - 18:35;242
2021/04/10 - 18:40;246
2021/04/10 - 18:45;231
2021/04/10 - 18:50;267
2021/04/10 - 18:55;270
2021/04/10 - 19:00;240
2021/04/10 - 19:05;268
2021/04/10 - 19:10;262
2021/04/10 - 19:15;268
2021/04/10 - 19:20;236
2021/04/10 - 19:25;246
2021/04/10 - 19:30;285
2021/04/10 - 19:35;278
2021/04/10 - 19:40;304
2021/04/10 - 19:45;269
2021/04/10 - 19:50;289
2021/04/10 - 19:55;280
2021/04/10 - 20:00;232
2021/04/10 - 20:05;260
2021/04/10 - 20:10;312
2021/04/10 - 20:15;282
2021/04/10 - 20:20;217
2021/04/10 - 20:25;242
2021/04/10 - 20:30;307
2021/04/10 - 20:35;301
2021/04/10 - 20:40;270
2021/04/10 - 20:45;304
2021/04/10 - 20:50;258
2021/04/10 - 20:55;293
2021/04/10 - 21:00;250
2021/04/10 - 21:05;282
2021/04/10 - 21:10;308
2021/04/10 - 21:15;248
2021/04/10 - 21:20;263
2021/04/10 - 21:25;262
2021/04/10 - 21:30;321
2021/04/10 - 21:35;246
2021/04/10 - 21:40;232
2021/04/10 - 21:45;274
2021/04/10 - 21:50;226
2021/04/10 - 21:55;215
2021/04/10 - 22:00;240
2021/04/10 - 22:05;232
2021/04/10 - 22:10;223
2021/04/10 - 22:15;212
2021/04/10 - 22:20;197
2021/04/10 - 22:25;273
2021/04/10 - 22:30;280
2021/04/10 - 22:35;174
2021/04/10 - 22:40;209
2021/04/10 - 22:45;202
2021/04/10 - 22:50;157
2021/04/10 - 22:55;163
2021/04/10 - 23:00;128
2021/04/10 - 23:05;146
2021/04/10 - 23:10;115
2021/04/10 - 23:15;122
2021/04/10 - 23:20;133
2021/04/10 - 23:25;124
2021/04/10 - 23:30;102
2021/04/10 - 23:35;103
2021/04/10 - 23:40;107
2021/04/10 - 23:45;75
2021/04/10 - 23:50;16
